Timestamp,n-payments-per-block
1/1/2018 0:00,3152.608974
1/2/2018 0:00,4026.590643
1/3/2018 0:00,4718.490446
1/4/2018 0:00,5122.785714
1/5/2018 0:00,5124.125874
1/6/2018 0:00,4435.970238
1/7/2018 0:00,4458.481481
1/8/2018 0:00,4498.837349
1/9/2018 0:00,4611.890244
1/10/2018 0:00,4350.981928
1/11/2018 0:00,3463.891192
1/12/2018 0:00,3451.207865
1/13/2018 0:00,3565.436242
1/14/2018 0:00,3108.367742
1/15/2018 0:00,3681.866667
1/16/2018 0:00,3866.968553
1/17/2018 0:00,3790.443114
1/18/2018 0:00,3614.16185
1/19/2018 0:00,2937.781818
1/20/2018 0:00,2682.123596
1/21/2018 0:00,2341.326203
1/22/2018 0:00,2893.185629
1/23/2018 0:00,2754.559322
1/24/2018 0:00,2704.386364
1/25/2018 0:00,2849.196203
1/26/2018 0:00,2739.845161
1/27/2018 0:00,2962.484076
1/28/2018 0:00,2726.5
1/29/2018 0:00,3002.432432
1/30/2018 0:00,2598.97006
1/31/2018 0:00,3356.247863
2/1/2018 0:00,3043.38125
2/2/2018 0:00,2690.404762
2/3/2018 0:00,2353.620253
2/4/2018 0:00,1889.702247
2/5/2018 0:00,2247.118919
2/6/2018 0:00,2974.335294
2/7/2018 0:00,2856.014184
2/8/2018 0:00,2498.335878
2/9/2018 0:00,2836.792593
2/10/2018 0:00,2407.06993
2/11/2018 0:00,2043.456954
2/12/2018 0:00,2148.939759
2/13/2018 0:00,2076.286585
2/14/2018 0:00,2044.72067
2/15/2018 0:00,2941.885496
2/16/2018 0:00,2175.681529
2/17/2018 0:00,2167.087248
2/18/2018 0:00,1942.679012
2/19/2018 0:00,2208.240741
2/20/2018 0:00,2604.900709
2/21/2018 0:00,2280.91716
2/22/2018 0:00,2864.275168
2/23/2018 0:00,2347.148649
2/24/2018 0:00,2069.282759
2/25/2018 0:00,1761.040936
2/26/2018 0:00,2645.602837
2/27/2018 0:00,2642.68125
2/28/2018 0:00,2605.522581
3/1/2018 0:00,2678.024242
3/2/2018 0:00,2944.019231
3/3/2018 0:00,2084.933333
3/4/2018 0:00,2192.608108
3/5/2018 0:00,2518.751678
3/6/2018 0:00,2455.801282
3/7/2018 0:00,2634.184713
3/8/2018 0:00,2288.506173
3/9/2018 0:00,2888.815068
3/10/2018 0:00,2054.014286
3/11/2018 0:00,1880.764706
3/12/2018 0:00,2266.534161
3/13/2018 0:00,2257.981013
3/14/2018 0:00,2400.291667
3/15/2018 0:00,2681.402778
3/16/2018 0:00,2456.384615
3/17/2018 0:00,1946.328859
3/18/2018 0:00,2111.092715
3/19/2018 0:00,2242.270968
3/20/2018 0:00,2691.582677
3/21/2018 0:00,2269.986842
3/22/2018 0:00,2416.965035
3/23/2018 0:00,2675.714286
3/24/2018 0:00,1875.628205
3/25/2018 0:00,1921.074074
3/26/2018 0:00,2280.24
3/27/2018 0:00,2254.381579
3/28/2018 0:00,2386.177778
3/29/2018 0:00,2346.532895
3/30/2018 0:00,2383.709877
3/31/2018 0:00,2112.328125
4/1/2018 0:00,1629.512346
4/2/2018 0:00,2019.519231
4/3/2018 0:00,2212.797546
4/4/2018 0:00,2445.217687
4/5/2018 0:00,2085.24359
4/6/2018 0:00,2919.028986
4/7/2018 0:00,1520.088889
4/8/2018 0:00,1639.173913
4/9/2018 0:00,2159.387755
4/10/2018 0:00,2135.615854
4/11/2018 0:00,2005.130435
4/12/2018 0:00,2419.090909
4/13/2018 0:00,2577.684848
4/14/2018 0:00,2175.875912
4/15/2018 0:00,2035.435583
4/16/2018 0:00,2508.900709
4/17/2018 0:00,2342.91358
4/18/2018 0:00,2363.9375
4/19/2018 0:00,2334.185393
4/20/2018 0:00,3171.715328
4/21/2018 0:00,2276.09434
4/22/2018 0:00,2086.95625
4/23/2018 0:00,2745.065359
4/24/2018 0:00,2928.610063
4/25/2018 0:00,3265.943089
4/26/2018 0:00,2893.730496
4/27/2018 0:00,3047.323944
4/28/2018 0:00,3163.820313
4/29/2018 0:00,2301.468354
4/30/2018 0:00,2574.516129
5/1/2018 0:00,2626.512658
5/2/2018 0:00,2794.4
5/3/2018 0:00,2789.642384
5/4/2018 0:00,3125.514493
5/5/2018 0:00,2386.111801
5/6/2018 0:00,2419.153285
5/7/2018 0:00,2506.413333
5/8/2018 0:00,2986.618705
5/9/2018 0:00,2387.3125
5/10/2018 0:00,2523.103896
5/11/2018 0:00,3459.637795
5/12/2018 0:00,2265.066667
5/13/2018 0:00,2041.108108
5/14/2018 0:00,2977.007576
5/15/2018 0:00,2710.739726
5/16/2018 0:00,2116.614525
5/17/2018 0:00,2627.712121
5/18/2018 0:00,2877.601351
5/19/2018 0:00,2045.032468
5/20/2018 0:00,2112.673611
5/21/2018 0:00,2320.050955
5/22/2018 0:00,2366.251656
5/23/2018 0:00,2469.969136
5/24/2018 0:00,2584.195804
5/25/2018 0:00,2240.75
5/26/2018 0:00,1847.049383
5/27/2018 0:00,1721.018293
5/28/2018 0:00,2215.948718
5/29/2018 0:00,2649.76259
5/30/2018 0:00,2111.689655
5/31/2018 0:00,2219.188235
6/1/2018 0:00,2895.722892
6/2/2018 0:00,2127.164474
6/3/2018 0:00,1927.349693
6/4/2018 0:00,2063.382514
6/5/2018 0:00,2192.382857
6/6/2018 0:00,2600.530612
6/7/2018 0:00,2572.559441
6/8/2018 0:00,2842.606897
6/9/2018 0:00,2179.93007
6/10/2018 0:00,2682.062992
6/11/2018 0:00,2747.092857
6/12/2018 0:00,2629.062069
6/13/2018 0:00,2774.573427
6/14/2018 0:00,2434.764706
6/15/2018 0:00,2712.104575
6/16/2018 0:00,1765.138554
6/17/2018 0:00,1789.675159
6/18/2018 0:00,2181.292683
6/19/2018 0:00,2286.387097
6/20/2018 0:00,2341.877419
6/21/2018 0:00,2126.458824
6/22/2018 0:00,2727.986755
6/23/2018 0:00,1992.29375
6/24/2018 0:00,1789.842105
6/25/2018 0:00,2251.089172
6/26/2018 0:00,2388.924658
6/27/2018 0:00,2770.347107
6/28/2018 0:00,2127.414013
6/29/2018 0:00,2580.02649
6/30/2018 0:00,2213.113475
7/1/2018 0:00,2047.530612
7/2/2018 0:00,2660.021277
7/3/2018 0:00,3296.431034
7/4/2018 0:00,2815.671642
7/5/2018 0:00,2613.321168
7/6/2018 0:00,2930.525
7/7/2018 0:00,1993.224359
7/8/2018 0:00,1930.588608
7/9/2018 0:00,2666.213235
7/10/2018 0:00,2554.604027
7/11/2018 0:00,2612.562963
7/12/2018 0:00,2465.723404
7/13/2018 0:00,2865.132867
7/14/2018 0:00,2346.887218
7/15/2018 0:00,2208.503759
7/16/2018 0:00,3037.175
7/17/2018 0:00,2579.993711
7/18/2018 0:00,2422.965517
7/19/2018 0:00,2301.426901
7/20/2018 0:00,2774.318182
7/21/2018 0:00,2396.737226
7/22/2018 0:00,1685.197802
7/23/2018 0:00,2372.963855
7/24/2018 0:00,2839.566038
7/25/2018 0:00,2557.79096
7/26/2018 0:00,2478.066667
7/27/2018 0:00,2736.844311
7/28/2018 0:00,2321.006897
7/29/2018 0:00,1935.929412
7/30/2018 0:00,3014.41791
7/31/2018 0:00,2936.421769
8/1/2018 0:00,2772.846667
8/2/2018 0:00,2578.352941
8/3/2018 0:00,2854.26506
8/4/2018 0:00,2056.142045
8/5/2018 0:00,2028.34375
8/6/2018 0:00,2943.091603
8/7/2018 0:00,2672.119205
8/8/2018 0:00,2731.974522
8/9/2018 0:00,2664.275168
8/10/2018 0:00,2563.096591
8/11/2018 0:00,1989.570588
8/12/2018 0:00,2007.03871
8/13/2018 0:00,2609.613333
8/14/2018 0:00,3180.816176
8/15/2018 0:00,2840.267081
8/16/2018 0:00,2522.056962
8/17/2018 0:00,2861.894737
8/18/2018 0:00,2118.3375
8/19/2018 0:00,2369.303448
8/20/2018 0:00,2567.24
8/21/2018 0:00,2540.655405
8/22/2018 0:00,2553.66875
8/23/2018 0:00,2516.107383
8/24/2018 0:00,2860.684932
8/25/2018 0:00,2598.362963
8/26/2018 0:00,1809.947977
8/27/2018 0:00,2099.254054
8/28/2018 0:00,2666.366013
8/29/2018 0:00,3077.661871
8/30/2018 0:00,2496.311688
8/31/2018 0:00,2796.883871
9/1/2018 0:00,2481.642384
9/2/2018 0:00,2246
9/3/2018 0:00,2620.798611
9/4/2018 0:00,3102.65873
9/5/2018 0:00,3135.44697
9/6/2018 0:00,2803.933333
9/7/2018 0:00,3066.480263
9/8/2018 0:00,2337.22
9/9/2018 0:00,2006.147239
9/10/2018 0:00,2783.022222
9/11/2018 0:00,2798.347518
9/12/2018 0:00,2287.845238
9/13/2018 0:00,2611.871622
9/14/2018 0:00,3044.780303
9/15/2018 0:00,2575.992857
9/16/2018 0:00,2223.71223
9/17/2018 0:00,2981.481481
9/18/2018 0:00,2819.640845
9/19/2018 0:00,2618.147436
9/20/2018 0:00,2680.792208
9/21/2018 0:00,3364.041667
9/22/2018 0:00,2424.535484
9/23/2018 0:00,2247.866667
9/24/2018 0:00,2624.527027
9/25/2018 0:00,2445.733728
9/26/2018 0:00,2852.604317
9/27/2018 0:00,2822.328671
9/28/2018 0:00,2915.896104
9/29/2018 0:00,2405.263158
9/30/2018 0:00,2151.730061
10/1/2018 0:00,2569.613924
10/2/2018 0:00,2931.277372
10/3/2018 0:00,3235.17931
10/4/2018 0:00,2838.046667
10/5/2018 0:00,3457.146154
10/6/2018 0:00,2999.128
10/7/2018 0:00,2704.070423
10/8/2018 0:00,2941.488889
10/9/2018 0:00,3010.523077
10/10/2018 0:00,2844.3125
10/11/2018 0:00,2667.578616
10/12/2018 0:00,3231.886364
10/13/2018 0:00,2394.858156
10/14/2018 0:00,2779.087719
10/15/2018 0:00,2740.895062
10/16/2018 0:00,3084.696296
10/17/2018 0:00,2984.449275
10/18/2018 0:00,2939.594203
10/19/2018 0:00,3068.753521
10/20/2018 0:00,2564.398601
10/21/2018 0:00,2493.550725
10/22/2018 0:00,2676.819355
10/23/2018 0:00,2672.766234
10/24/2018 0:00,3584.230088
10/25/2018 0:00,3323.664234
10/26/2018 0:00,3039.062937
10/27/2018 0:00,2628.279412
10/28/2018 0:00,2512.992857
10/29/2018 0:00,2951.09589
10/30/2018 0:00,2854.350649
10/31/2018 0:00,2760.96319
11/1/2018 0:00,2850.590909
11/2/2018 0:00,3486.986014
11/3/2018 0:00,2447.701863
11/4/2018 0:00,2895.483871
11/5/2018 0:00,3191.867133
11/6/2018 0:00,3426.359375
11/7/2018 0:00,3460.715385
11/8/2018 0:00,3551.38843
11/9/2018 0:00,3744.086614
11/10/2018 0:00,2983.083969
11/11/2018 0:00,2620.438356
11/12/2018 0:00,3299.835714
11/13/2018 0:00,3589.258333
11/14/2018 0:00,3471.577778
11/15/2018 0:00,3695.826772
11/16/2018 0:00,3790.515873
11/17/2018 0:00,2786.993103
11/18/2018 0:00,3024.747967
11/19/2018 0:00,3401.730159
11/20/2018 0:00,3630.69697
11/21/2018 0:00,3976.12381
11/22/2018 0:00,3479.040984
11/23/2018 0:00,3656.368
11/24/2018 0:00,2733.734266
11/25/2018 0:00,3042.031496
11/26/2018 0:00,3768.054054
11/27/2018 0:00,3219.885496
11/28/2018 0:00,3461.186441
11/29/2018 0:00,3872.933333
11/30/2018 0:00,4036.861386
12/1/2018 0:00,3168.225806
12/2/2018 0:00,3016.464912
12/3/2018 0:00,3432.938596
12/4/2018 0:00,3195.028986
12/5/2018 0:00,3156.269231
12/6/2018 0:00,3336.948148
12/7/2018 0:00,3946.692982
12/8/2018 0:00,2862.818898
12/9/2018 0:00,2833.976563
12/10/2018 0:00,3351.645161
12/11/2018 0:00,3157.08
12/12/2018 0:00,3385.6
12/13/2018 0:00,3164.870229
12/14/2018 0:00,3056.438356
12/15/2018 0:00,2674.516779
12/16/2018 0:00,3067.495652
12/17/2018 0:00,2831.58125
12/18/2018 0:00,3293.53125
12/19/2018 0:00,3151.38255
12/20/2018 0:00,3300.385185
12/21/2018 0:00,3293.257143
12/22/2018 0:00,2195.8
12/23/2018 0:00,2187.505682
12/24/2018 0:00,2745.236842
12/25/2018 0:00,2484.125786
12/26/2018 0:00,2691.579618
12/27/2018 0:00,2605.522989
12/28/2018 0:00,2954.437126
12/29/2018 0:00,3005.710145
12/30/2018 0:00,2344.375
12/31/2018 0:00,2605.129032
1/1/2019 0:00,2305.644295
1/2/2019 0:00,2737.97351
1/3/2019 0:00,2823.612903
1/4/2019 0:00,2960.946309
1/5/2019 0:00,2390.208589
1/6/2019 0:00,2753.382979
1/7/2019 0:00,3049.851064
1/8/2019 0:00,2763.692308
1/9/2019 0:00,2880.682927
1/10/2019 0:00,3204.224359
1/11/2019 0:00,3300.324324
1/12/2019 0:00,2978.927536
1/13/2019 0:00,2942.430657
1/14/2019 0:00,3212.100671
1/15/2019 0:00,3460.174242
1/16/2019 0:00,3593.62406
1/17/2019 0:00,3540.007874
1/18/2019 0:00,3477.42029
1/19/2019 0:00,3138.37594
1/20/2019 0:00,2667.388535
1/21/2019 0:00,3102.74
1/22/2019 0:00,3396.030769
1/23/2019 0:00,3299.780822
1/24/2019 0:00,2861.382716
1/25/2019 0:00,3501.753623
1/26/2019 0:00,3075.48
1/27/2019 0:00,2967.649635
1/28/2019 0:00,3237.606897
1/29/2019 0:00,3322.410959
1/30/2019 0:00,3487.845588
1/31/2019 0:00,3339.993548
2/1/2019 0:00,3260.620253
2/2/2019 0:00,3236.506944
2/3/2019 0:00,3085.536232
2/4/2019 0:00,3243.503401
2/5/2019 0:00,3503.761905
2/6/2019 0:00,3038.518293
2/7/2019 0:00,2853.793103
2/8/2019 0:00,3165.153374
2/9/2019 0:00,2937.086667
2/10/2019 0:00,3005.542857
2/11/2019 0:00,3193.813793
2/12/2019 0:00,3462.6875
2/13/2019 0:00,3419.267974
2/14/2019 0:00,3583.198582
2/15/2019 0:00,3613.070866
2/16/2019 0:00,3246.033333
2/17/2019 0:00,2912.27673
2/18/2019 0:00,3369.793548
2/19/2019 0:00,3456.794872
2/20/2019 0:00,3848.576923
2/21/2019 0:00,3962.252101
2/22/2019 0:00,3391.339506
2/23/2019 0:00,3323.853147
2/24/2019 0:00,3487.051095
2/25/2019 0:00,3665.356643
2/26/2019 0:00,3464.248447
2/27/2019 0:00,3765.631206
2/28/2019 0:00,3686.653333
3/1/2019 0:00,3526.395062
3/2/2019 0:00,3905.363636
3/3/2019 0:00,3359.205479
3/4/2019 0:00,3531.693431
3/5/2019 0:00,3265.174497
3/6/2019 0:00,3678.046875
3/7/2019 0:00,3364.042254
3/8/2019 0:00,3368.520548
3/9/2019 0:00,2949.318841
3/10/2019 0:00,2561.205882
3/11/2019 0:00,3507.112676
3/12/2019 0:00,3404.958042
3/13/2019 0:00,3461.948148
3/14/2019 0:00,3300.948387
3/15/2019 0:00,3387.816993
3/16/2019 0:00,2609.288344
3/17/2019 0:00,2563.643836
3/18/2019 0:00,3108.850932
3/19/2019 0:00,2968.304598
3/20/2019 0:00,3112.714286
3/21/2019 0:00,3441.685315
3/22/2019 0:00,3173.229814
3/23/2019 0:00,2797.393103
3/24/2019 0:00,2492.486667
3/25/2019 0:00,3506.432432
3/26/2019 0:00,4260.052239
3/27/2019 0:00,3966.268456
3/28/2019 0:00,4216.5
3/29/2019 0:00,4069.544218
3/30/2019 0:00,4157.482014
3/31/2019 0:00,3992.611511
4/1/2019 0:00,4268.198529
4/2/2019 0:00,4189.66242
4/3/2019 0:00,4264.528169
4/4/2019 0:00,4128.792857
4/5/2019 0:00,4061.620253
4/6/2019 0:00,3761.820144
4/7/2019 0:00,3688.347518
4/8/2019 0:00,4038.952703
4/9/2019 0:00,4375.810606
4/10/2019 0:00,4314.959459
4/11/2019 0:00,4267.356688
4/12/2019 0:00,4131.211921
4/13/2019 0:00,3959.192593
4/14/2019 0:00,4036.491803
4/15/2019 0:00,4112.193103
4/16/2019 0:00,3957.234483
4/17/2019 0:00,4036.485507
4/18/2019 0:00,4029.986577
4/19/2019 0:00,4329.953947
4/20/2019 0:00,3948.732824
4/21/2019 0:00,3504.216049
4/22/2019 0:00,4102.097015
4/23/2019 0:00,4652.474138
4/24/2019 0:00,4185.840491
4/25/2019 0:00,4341.216783
4/26/2019 0:00,4274.92053
4/27/2019 0:00,4044.810219
4/28/2019 0:00,3418.417178
4/29/2019 0:00,3688.472393
4/30/2019 0:00,4490.15
5/1/2019 0:00,3738.573099
5/2/2019 0:00,3708.543478
5/3/2019 0:00,4263.440789
5/4/2019 0:00,4140.507576
5/5/2019 0:00,4415.813953
5/6/2019 0:00,4253.218543
5/7/2019 0:00,4985.110236
5/8/2019 0:00,4883.730263
5/9/2019 0:00,4246.813333
5/10/2019 0:00,4931.144
5/11/2019 0:00,4251.023077
5/12/2019 0:00,3489.278481
5/13/2019 0:00,3835.658683
5/14/2019 0:00,4301.092105
5/15/2019 0:00,4529.328859
5/16/2019 0:00,4727.376712
5/17/2019 0:00,4534.271523
5/18/2019 0:00,3954.457516
5/19/2019 0:00,3493.742331
5/20/2019 0:00,4092.763975
5/21/2019 0:00,4502.542484
5/22/2019 0:00,4206.508982
5/23/2019 0:00,4357.436709
5/24/2019 0:00,4648.156863
5/25/2019 0:00,4068.75
5/26/2019 0:00,3523.278788
5/27/2019 0:00,4244.874251
5/28/2019 0:00,4457.896341
5/29/2019 0:00,4234.626437
5/30/2019 0:00,4321.78125
5/31/2019 0:00,5221.153846
6/1/2019 0:00,3906.562914
6/2/2019 0:00,3991.183206
6/3/2019 0:00,4727.512605
6/4/2019 0:00,4677.253247
6/5/2019 0:00,4198.25625
6/6/2019 0:00,4093.923567
6/7/2019 0:00,4160.094937
6/8/2019 0:00,4041.096774
6/9/2019 0:00,3442.14966
6/10/2019 0:00,4057.528662
6/11/2019 0:00,4554.181818
6/12/2019 0:00,4724.984733
6/13/2019 0:00,4536.668874
6/14/2019 0:00,4450.005917
6/15/2019 0:00,4254.69863
6/16/2019 0:00,4076.3
6/17/2019 0:00,4924.06015
6/18/2019 0:00,4311
6/19/2019 0:00,3991.508475
6/20/2019 0:00,4642.486111
6/21/2019 0:00,4926.781955
6/22/2019 0:00,4520.163121
6/23/2019 0:00,3542.640884
6/24/2019 0:00,3951.152542
6/25/2019 0:00,4868.191781
6/26/2019 0:00,4548.018182
6/27/2019 0:00,4897.316901
6/28/2019 0:00,4412.429448
6/29/2019 0:00,3552.810345
6/30/2019 0:00,3729.559211
7/1/2019 0:00,4522.58042
7/2/2019 0:00,4241.367089
7/3/2019 0:00,3959.674419
7/4/2019 0:00,3805.449102
7/5/2019 0:00,3622.84127
7/6/2019 0:00,3300.651685
7/7/2019 0:00,3311.470588
7/8/2019 0:00,3638.044944
7/9/2019 0:00,3958.181818
7/10/2019 0:00,4816.930233
7/11/2019 0:00,4739.844961
7/12/2019 0:00,3989.658537
7/13/2019 0:00,3591.049645
7/14/2019 0:00,3391
7/15/2019 0:00,4278.280822
7/16/2019 0:00,3956.049383
7/17/2019 0:00,4274.774436
7/18/2019 0:00,5458.404959
7/19/2019 0:00,4659.09322
7/20/2019 0:00,2959.847458
7/21/2019 0:00,3011.09396
7/22/2019 0:00,3618.778481
7/23/2019 0:00,3691.48951
7/24/2019 0:00,3527.122302
7/25/2019 0:00,3724.746667
7/26/2019 0:00,3434.409639
7/27/2019 0:00,3047.506579
7/28/2019 0:00,2476.971429
7/29/2019 0:00,3215.404762
7/30/2019 0:00,3798.901408
7/31/2019 0:00,3365.707602
8/1/2019 0:00,3829.894366
8/2/2019 0:00,3482.071006
8/3/2019 0:00,2918.861272
8/4/2019 0:00,2767.562874
8/5/2019 0:00,3904.055944
8/6/2019 0:00,3714.42236
8/7/2019 0:00,4249.058824
8/8/2019 0:00,3878.978873
8/9/2019 0:00,3910.931973
8/10/2019 0:00,3200.370861
8/11/2019 0:00,2870.424837
8/12/2019 0:00,3891.428571
8/13/2019 0:00,4022.388535
8/14/2019 0:00,3817.947368
8/15/2019 0:00,3789.802548
8/16/2019 0:00,3758.741497
8/17/2019 0:00,3705.03125
8/18/2019 0:00,3537.65873
8/19/2019 0:00,3304.159509
8/20/2019 0:00,4003.901961
8/21/2019 0:00,4996.742647
8/22/2019 0:00,4679.361702
8/23/2019 0:00,3781.934641
8/24/2019 0:00,3059.85
8/25/2019 0:00,2877.290323
8/26/2019 0:00,3942.948905
8/27/2019 0:00,3965.185185
8/28/2019 0:00,3617.92053
8/29/2019 0:00,3424.727273
8/30/2019 0:00,3605.6625
8/31/2019 0:00,3186.644578
9/1/2019 0:00,3209.93007
9/2/2019 0:00,3658.993289
9/3/2019 0:00,3668.5
9/4/2019 0:00,3895.227941
9/5/2019 0:00,3425.4
9/6/2019 0:00,3888.151899
9/7/2019 0:00,3371.273333
9/8/2019 0:00,2630.101695
9/9/2019 0:00,3622.890411
9/10/2019 0:00,3085.230769
9/11/2019 0:00,3021.032609
9/12/2019 0:00,3547.487342
9/13/2019 0:00,3496.993333
9/14/2019 0:00,3172.741935
9/15/2019 0:00,2982.319728
9/16/2019 0:00,3469.852761
9/17/2019 0:00,3805.385135
9/18/2019 0:00,3392.344828
9/19/2019 0:00,3758.189189
9/20/2019 0:00,3735.344371
9/21/2019 0:00,3220.13253
9/22/2019 0:00,3289.391566
9/23/2019 0:00,4716.526316
9/24/2019 0:00,3763.350318
9/25/2019 0:00,3714.448718
9/26/2019 0:00,3308.520468
9/27/2019 0:00,3955.469697
9/28/2019 0:00,3136.150943
9/29/2019 0:00,3318.088235
9/30/2019 0:00,3995.753846
10/1/2019 0:00,3774.216783
10/2/2019 0:00,3472.236486
10/3/2019 0:00,3475.136054
10/4/2019 0:00,3692.340136
10/5/2019 0:00,3198.708861
10/6/2019 0:00,2934.120805
10/7/2019 0:00,3382.496774
10/8/2019 0:00,3242.679012
10/9/2019 0:00,3600.021739
10/10/2019 0:00,3275.771605
10/11/2019 0:00,3506
10/12/2019 0:00,3494.827068
10/13/2019 0:00,3024.274648
10/14/2019 0:00,3586.111111
10/15/2019 0:00,3416.143791
10/16/2019 0:00,3712.692308
10/17/2019 0:00,3476.446667
10/18/2019 0:00,3296.3375
10/19/2019 0:00,3500.387324
10/20/2019 0:00,3057.246575
10/21/2019 0:00,3452.893082
10/22/2019 0:00,3238.449704
10/23/2019 0:00,3256.75
10/24/2019 0:00,3638.729323
10/25/2019 0:00,3813.688406
10/26/2019 0:00,3506.857143
10/27/2019 0:00,3608.53913
10/28/2019 0:00,3685.791045
10/29/2019 0:00,3639.300752
10/30/2019 0:00,3701.343284
10/31/2019 0:00,3586.30303
11/1/2019 0:00,3890.284615
11/2/2019 0:00,3408.873134
11/3/2019 0:00,3318.065217
11/4/2019 0:00,3824.378788
11/5/2019 0:00,3720.833333
11/6/2019 0:00,3873.431818
11/7/2019 0:00,3794.17037
11/8/2019 0:00,3973.757813
11/9/2019 0:00,3442.104167
11/10/2019 0:00,2713.753012
11/11/2019 0:00,3335.569536
11/12/2019 0:00,3548.155556
11/13/2019 0:00,3744.392593
11/14/2019 0:00,3118.248521
11/15/2019 0:00,3418.139241
11/16/2019 0:00,3122.682432
11/17/2019 0:00,2696.136364
11/18/2019 0:00,3376.457143
11/19/2019 0:00,3502.421769
11/20/2019 0:00,3523.330986
11/21/2019 0:00,4487.087591
11/22/2019 0:00,4655.863636
11/23/2019 0:00,2994.757225
11/24/2019 0:00,3206.977099
11/25/2019 0:00,3686.912
11/26/2019 0:00,4174.557377
11/27/2019 0:00,3673.892086
11/28/2019 0:00,2972.576687
11/29/2019 0:00,3635.397059
11/30/2019 0:00,3588.571429
12/1/2019 0:00,3062.035971
12/2/2019 0:00,3425.434483
12/3/2019 0:00,3222.512658
12/4/2019 0:00,3158.329341
12/5/2019 0:00,3312.110345
12/6/2019 0:00,3389.806897
12/7/2019 0:00,2854.735484
12/8/2019 0:00,2873.763514
12/9/2019 0:00,3370.972973
12/10/2019 0:00,3335.445946
12/11/2019 0:00,3512.060606
12/12/2019 0:00,3606.090226
12/13/2019 0:00,3302.552632
12/14/2019 0:00,2987.311258
12/15/2019 0:00,3208
12/16/2019 0:00,3206.159236
12/17/2019 0:00,3568.539007
12/18/2019 0:00,3747.544776
12/19/2019 0:00,3138.452229
12/20/2019 0:00,3294.698718
12/21/2019 0:00,2677.159091
12/22/2019 0:00,2505.828402
12/23/2019 0:00,3324.734266
12/24/2019 0:00,3631.488
12/25/2019 0:00,3045.007813
12/26/2019 0:00,2758.185629
12/27/2019 0:00,3501.406897
12/28/2019 0:00,3139.731544
12/29/2019 0:00,2772.174194
12/30/2019 0:00,3102.710843
12/31/2019 0:00,3254.496552
1/1/2020 0:00,2278.08046
1/2/2020 0:00,3429.553191
1/3/2020 0:00,2979.923077
1/4/2020 0:00,2753.494048
1/5/2020 0:00,2894.631902
1/6/2020 0:00,3720.155556
1/7/2020 0:00,3250.704545
1/8/2020 0:00,3497.077465
1/9/2020 0:00,3179.076433
1/10/2020 0:00,3639.369128
1/11/2020 0:00,2936.325153
1/12/2020 0:00,2798.907285
1/13/2020 0:00,3159.713287
1/14/2020 0:00,3695.710345
1/15/2020 0:00,3475.887417
1/16/2020 0:00,3188.792453
1/17/2020 0:00,3144.352201
1/18/2020 0:00,3383.19697
1/19/2020 0:00,2887.98
1/20/2020 0:00,3155.421053
1/21/2020 0:00,3155.810458
1/22/2020 0:00,3193.602564
1/23/2020 0:00,3124.100629
1/24/2020 0:00,3136.513158
1/25/2020 0:00,2609.018293
1/26/2020 0:00,2727.601399
1/27/2020 0:00,3373.573643
1/28/2020 0:00,3596.950704
1/29/2020 0:00,3174.7375
1/30/2020 0:00,3256.557692
1/31/2020 0:00,3574.027778
2/1/2020 0:00,3082.403974
2/2/2020 0:00,3090.748252
2/3/2020 0:00,3409.135135
2/4/2020 0:00,3638.060606
2/5/2020 0:00,3448.72327
2/6/2020 0:00,3638.762963
2/7/2020 0:00,3741.553957
2/8/2020 0:00,3525.007194
2/9/2020 0:00,3083.019608
2/10/2020 0:00,3817.713115
2/11/2020 0:00,3773.608108
2/12/2020 0:00,3765.169014
2/13/2020 0:00,3774.390071
2/14/2020 0:00,3774.207407
2/15/2020 0:00,3572.802817
2/16/2020 0:00,3160.119718
2/17/2020 0:00,3368.235669
2/18/2020 0:00,3444.04
2/19/2020 0:00,3716.673759
2/20/2020 0:00,3986.126984
2/21/2020 0:00,3414.136364
2/22/2020 0:00,3302.783784
2/23/2020 0:00,3061.852113
2/24/2020 0:00,3637.822695
2/25/2020 0:00,3624.361111
2/26/2020 0:00,3842.529412
2/27/2020 0:00,3558.877551
2/28/2020 0:00,3613.924051
2/29/2020 0:00,3435.230216
3/1/2020 0:00,2719.887006
3/2/2020 0:00,3620.550336
3/3/2020 0:00,3508.54902
3/4/2020 0:00,3333.48503
3/5/2020 0:00,3301.619632
3/6/2020 0:00,3421.987097
3/7/2020 0:00,3124.165605
3/8/2020 0:00,2973.746835
3/9/2020 0:00,3636.473333
3/10/2020 0:00,4033.030303
3/11/2020 0:00,3931.655462
3/12/2020 0:00,3992.655629
3/13/2020 0:00,4382.728
3/14/2020 0:00,3991.328125
3/15/2020 0:00,3395.714286
3/16/2020 0:00,4194.277311
3/17/2020 0:00,4293.349593
3/18/2020 0:00,4422.18
3/19/2020 0:00,4614.130841
3/20/2020 0:00,4774.577982
3/21/2020 0:00,3657.330645
3/22/2020 0:00,3082.007874
3/23/2020 0:00,4230.589286
3/24/2020 0:00,3768.234848
3/25/2020 0:00,4568.652174
3/26/2020 0:00,3248.61875
3/27/2020 0:00,3268.806452
3/28/2020 0:00,3367.866667
3/29/2020 0:00,2790.07947
3/30/2020 0:00,3423.414966
3/31/2020 0:00,3281.176101
4/1/2020 0:00,3314.849673
4/2/2020 0:00,3502.039216
4/3/2020 0:00,3857.325758
4/4/2020 0:00,2936.675159
4/5/2020 0:00,2437.274286
4/6/2020 0:00,3975.28125
4/7/2020 0:00,3301.744048
4/8/2020 0:00,3600.222222
4/9/2020 0:00,3313.61039
4/10/2020 0:00,3180.877301
4/11/2020 0:00,2851.459119
4/12/2020 0:00,2712.503268
4/13/2020 0:00,3021.847953
4/14/2020 0:00,3213.22619
4/15/2020 0:00,3414.485207
4/16/2020 0:00,3853.324675
4/17/2020 0:00,4166.944882
4/18/2020 0:00,3477.974684
4/19/2020 0:00,3118.513158
4/20/2020 0:00,3654.378882
4/21/2020 0:00,3824.295302
4/22/2020 0:00,4061.648855
4/23/2020 0:00,4213.894366
4/24/2020 0:00,4125.944444
4/25/2020 0:00,3802.845588
4/26/2020 0:00,3395.693431
4/27/2020 0:00,4081.262411
4/28/2020 0:00,3900.948052
4/29/2020 0:00,4272.503448
4/30/2020 0:00,4602.674074
5/1/2020 0:00,4453.801418
5/2/2020 0:00,3675.466216
5/3/2020 0:00,3099.440476
5/4/2020 0:00,3799.468354
5/5/2020 0:00,3784.588608
5/6/2020 0:00,3977.201299
5/7/2020 0:00,4338.843537
5/8/2020 0:00,4487.49635
5/9/2020 0:00,4276.397059
5/10/2020 0:00,3164.111765
5/11/2020 0:00,3826.598726
5/12/2020 0:00,4305.280822
5/13/2020 0:00,4726.663866
5/14/2020 0:00,4691.850877
5/15/2020 0:00,4714.968
5/16/2020 0:00,4319.698413
5/17/2020 0:00,4431.588235
5/18/2020 0:00,4311.414063
5/19/2020 0:00,4506.391304
5/20/2020 0:00,4729.069565
5/21/2020 0:00,4399.21374
5/22/2020 0:00,4877.738739
5/23/2020 0:00,4257.042017
5/24/2020 0:00,3606.853448
5/25/2020 0:00,4056.216
5/26/2020 0:00,4370.959677
5/27/2020 0:00,3980.057971
5/28/2020 0:00,4296.267176
5/29/2020 0:00,4285.590551
5/30/2020 0:00,3337.75641
5/31/2020 0:00,3123.213333
6/1/2020 0:00,4259.492537
6/2/2020 0:00,4538.534884
6/3/2020 0:00,4256.517986
6/4/2020 0:00,3858.788079
6/5/2020 0:00,3359.832402
6/6/2020 0:00,2680.780612
6/7/2020 0:00,2892.408805
6/8/2020 0:00,3585.067901
6/9/2020 0:00,3728.19375
6/10/2020 0:00,3674.414634
6/11/2020 0:00,3399.648649
6/12/2020 0:00,3656.435583
6/13/2020 0:00,3290.120253
6/14/2020 0:00,2888.329412
6/15/2020 0:00,4110.652174
6/16/2020 0:00,4176.44
6/17/2020 0:00,4474.384058
6/18/2020 0:00,4386.685484
6/19/2020 0:00,4393.894366
6/20/2020 0:00,3885.576642
6/21/2020 0:00,3135.780822
6/22/2020 0:00,3916.188811
6/23/2020 0:00,4112.341772
6/24/2020 0:00,4167.884892
6/25/2020 0:00,4154.510638
6/26/2020 0:00,3715.402439
6/27/2020 0:00,3758.050725
6/28/2020 0:00,3181.793333
6/29/2020 0:00,3960.875862
6/30/2020 0:00,3922.306122
7/1/2020 0:00,4303.290123
7/2/2020 0:00,3853.72561
7/3/2020 0:00,3846.773006
7/4/2020 0:00,3453.789809
7/5/2020 0:00,2975.134969
7/6/2020 0:00,4027.668831
7/7/2020 0:00,4034.937888
7/8/2020 0:00,4257.635762
7/9/2020 0:00,4035.804878
7/10/2020 0:00,3979.111801
7/11/2020 0:00,3681.108974
7/12/2020 0:00,3274.815789
7/13/2020 0:00,3994.265306
7/14/2020 0:00,4673.513889
7/15/2020 0:00,4506.57971
7/16/2020 0:00,4829.235294
7/17/2020 0:00,4872.983051
7/18/2020 0:00,4487.653846
7/19/2020 0:00,3858.480916
7/20/2020 0:00,4157.304965
7/21/2020 0:00,4909.112
7/22/2020 0:00,4796.305556
7/23/2020 0:00,4744.198529
7/24/2020 0:00,4319.21118
7/25/2020 0:00,4088.091549
7/26/2020 0:00,3526.474684
7/27/2020 0:00,4278.389262
7/28/2020 0:00,4682.117241
7/29/2020 0:00,4566.209459
7/30/2020 0:00,4768.059259
7/31/2020 0:00,4522.901961
8/1/2020 0:00,4404.562044
8/2/2020 0:00,4139.141844
8/3/2020 0:00,4058.148148
8/4/2020 0:00,4550.662069
8/5/2020 0:00,4682.139535
8/6/2020 0:00,4561.878205
8/7/2020 0:00,4390.532895
8/8/2020 0:00,4128.683099
8/9/2020 0:00,3373.435897
8/10/2020 0:00,4654
8/11/2020 0:00,4518.805195
8/12/2020 0:00,4418.541401
8/13/2020 0:00,4478.047619
8/14/2020 0:00,4297.407186
8/15/2020 0:00,4072.224359
8/16/2020 0:00,3624.888158
8/17/2020 0:00,4888.24
8/18/2020 0:00,4841.214286
8/19/2020 0:00,4927.630435
8/20/2020 0:00,4556.739726
8/21/2020 0:00,4130.935484
8/22/2020 0:00,4491.242647
8/23/2020 0:00,3505.585987
8/24/2020 0:00,4271.100671
8/25/2020 0:00,4955.578125
8/26/2020 0:00,4629.035211
8/27/2020 0:00,5130.829457
8/28/2020 0:00,4186.662577
8/29/2020 0:00,4050.328767
8/30/2020 0:00,4154.527559
8/31/2020 0:00,4140.113333
9/1/2020 0:00,4858.642857
9/2/2020 0:00,4670.159722
9/3/2020 0:00,5087.534884
9/4/2020 0:00,4857.088889
9/5/2020 0:00,4731.141844
9/6/2020 0:00,3594.713333
9/7/2020 0:00,3681.982857
9/8/2020 0:00,4276.993548
9/9/2020 0:00,4398.221477
9/10/2020 0:00,4521.310127
9/11/2020 0:00,4705.217391
9/12/2020 0:00,3501.052941
9/13/2020 0:00,3249.82716
9/14/2020 0:00,3930.397727
9/15/2020 0:00,4366.134615
9/16/2020 0:00,4566.109677
9/17/2020 0:00,3976.803371
9/18/2020 0:00,4022.957576
9/19/2020 0:00,4002.85906
9/20/2020 0:00,3677.323944
9/21/2020 0:00,4215.034483
9/22/2020 0:00,4908.627907
9/23/2020 0:00,4885.070423
9/24/2020 0:00,4673.218978
9/25/2020 0:00,4151.065089
9/26/2020 0:00,3721.8
9/27/2020 0:00,3394.394737
9/28/2020 0:00,4557.139535
9/29/2020 0:00,4853.808511
9/30/2020 0:00,4554.474359
10/1/2020 0:00,5118.395161
10/2/2020 0:00,4775.882353
10/3/2020 0:00,4009.668874
10/4/2020 0:00,3410.949367
10/5/2020 0:00,4203.435714
10/6/2020 0:00,4932.892308
10/7/2020 0:00,4707.350993
10/8/2020 0:00,3997.185185
10/9/2020 0:00,4745.739437
10/10/2020 0:00,4092.090909
10/11/2020 0:00,3659.414286
10/12/2020 0:00,4090.583893
10/13/2020 0:00,4109.210843
10/14/2020 0:00,4279.758389
10/15/2020 0:00,4585.503311
10/16/2020 0:00,4329.232258
10/17/2020 0:00,3510.592357
10/18/2020 0:00,3936.333333
10/19/2020 0:00,4929.304
10/20/2020 0:00,4522
10/21/2020 0:00,4866.284615
10/22/2020 0:00,5020.89781
10/23/2020 0:00,5087.862595
10/24/2020 0:00,4026.901316
10/25/2020 0:00,4282.991453
10/26/2020 0:00,4817.272727
10/27/2020 0:00,5508.10101
10/28/2020 0:00,5577.33
10/29/2020 0:00,5594.444444
10/30/2020 0:00,5468.162162
10/31/2020 0:00,5148.610619
11/1/2020 0:00,4463.104
11/2/2020 0:00,5369.305263
11/3/2020 0:00,4804.8
11/4/2020 0:00,4081.647799
11/5/2020 0:00,4580.22449
11/6/2020 0:00,4575.437908
11/7/2020 0:00,3869.089041
11/8/2020 0:00,3730.289855
11/9/2020 0:00,3540.491892
11/10/2020 0:00,4299
11/11/2020 0:00,4478.530612
11/12/2020 0:00,4179.6375
11/13/2020 0:00,4595.330935
11/14/2020 0:00,4042.352113
11/15/2020 0:00,3453.586667
11/16/2020 0:00,3880.36875
11/17/2020 0:00,4464.146497
11/18/2020 0:00,4358.940828
11/19/2020 0:00,4790.007299
11/20/2020 0:00,4256.708333
11/21/2020 0:00,3690.615385
11/22/2020 0:00,3191.051724
11/23/2020 0:00,4180.231293
11/24/2020 0:00,5095.345588
11/25/2020 0:00,4811.574194
11/26/2020 0:00,4581.173333
11/27/2020 0:00,4357.090909
11/28/2020 0:00,3863.292208
11/29/2020 0:00,3597.2
11/30/2020 0:00,5046.663717
12/1/2020 0:00,5020.157895
12/2/2020 0:00,5349.946565
12/3/2020 0:00,4591.420382
12/4/2020 0:00,4712.472222
12/5/2020 0:00,4131.9375
12/6/2020 0:00,3888.683824
12/7/2020 0:00,4144.593333
12/8/2020 0:00,4688.868056
12/9/2020 0:00,4971.510791
12/10/2020 0:00,5062.923077
12/11/2020 0:00,4856.246377
12/12/2020 0:00,4571.181818
12/13/2020 0:00,3610.442308
12/14/2020 0:00,4391.337931
12/15/2020 0:00,4775.35
12/16/2020 0:00,4901.706294
12/17/2020 0:00,5407.271318
12/18/2020 0:00,5052.082803
12/19/2020 0:00,4456.329114
12/20/2020 0:00,3897.05298
12/21/2020 0:00,4350.558824
12/22/2020 0:00,4847.909091
12/23/2020 0:00,4812.597403
12/24/2020 0:00,4837.47619
12/25/2020 0:00,4266.597222
12/26/2020 0:00,4269.474453
12/27/2020 0:00,4346.567568
12/28/2020 0:00,4190.0125
12/29/2020 0:00,4763.868421
12/30/2020 0:00,4434.831395
12/31/2020 0:00,4680.421687
1/1/2021 0:00,3925.744966
1/2/2021 0:00,4414.298013
1/3/2021 0:00,4742.778481
1/4/2021 0:00,4622.219653
1/5/2021 0:00,5039.382166
1/6/2021 0:00,4849.694915
1/7/2021 0:00,5173.017857
1/8/2021 0:00,5555.533784
1/9/2021 0:00,5071.007194
1/10/2021 0:00,4493.767296
1/11/2021 0:00,4904.116883
1/12/2021 0:00,4970.47973
1/13/2021 0:00,4723.835526
1/14/2021 0:00,5060.92517
1/15/2021 0:00,4940.064516
1/16/2021 0:00,4801.360544
1/17/2021 0:00,4483.864662
1/18/2021 0:00,4588.372414
1/19/2021 0:00,4747.295302
1/20/2021 0:00,5021.205674
1/21/2021 0:00,5420.077519
1/22/2021 0:00,5270.183099
1/23/2021 0:00,4290.916129
1/24/2021 0:00,4122.52518
1/25/2021 0:00,4860.135714
1/26/2021 0:00,4460.496894
1/27/2021 0:00,5234.112676
1/28/2021 0:00,5045.206897
1/29/2021 0:00,5646.467105
1/30/2021 0:00,5301.588235
1/31/2021 0:00,4649.909722
2/1/2021 0:00,5756.575
2/2/2021 0:00,5390.585526
2/3/2021 0:00,5238.833333
2/4/2021 0:00,5366.95625
2/5/2021 0:00,4844.242604
2/6/2021 0:00,4734.031447
2/7/2021 0:00,4370.544872
2/8/2021 0:00,4774.808642
2/9/2021 0:00,5941.902098
2/10/2021 0:00,5732.223776
2/11/2021 0:00,5889.294574
2/12/2021 0:00,5772.838028
2/13/2021 0:00,4804.923567
2/14/2021 0:00,4410.167785
2/15/2021 0:00,4826.125828
2/16/2021 0:00,5843.694215
2/17/2021 0:00,5716.130435
2/18/2021 0:00,5706.452555
2/19/2021 0:00,5562.51634
2/20/2021 0:00,5438.787671
2/21/2021 0:00,4606.446809
2/22/2021 0:00,5532.421053
2/23/2021 0:00,6114.488189
2/24/2021 0:00,5302.421384
2/25/2021 0:00,5148.74359
2/26/2021 0:00,5753.884892
2/27/2021 0:00,4767.375796
2/28/2021 0:00,4581.465649
3/1/2021 0:00,5513.576923
3/2/2021 0:00,5380.678322
3/3/2021 0:00,5274.401316
3/4/2021 0:00,5686.414063
3/5/2021 0:00,5329.134228
3/6/2021 0:00,4417.177632
3/7/2021 0:00,4284.657534
3/8/2021 0:00,4453.348387
3/9/2021 0:00,5442.564286
3/10/2021 0:00,5314.932886
3/11/2021 0:00,5620.772727
3/12/2021 0:00,5352.56
3/13/2021 0:00,5060.034965
3/14/2021 0:00,4497.598726
3/15/2021 0:00,5175.297297
3/16/2021 0:00,5401.785235
3/17/2021 0:00,5842.514706
3/18/2021 0:00,5727.585526
3/19/2021 0:00,5594.324324
3/20/2021 0:00,4726.37013
3/21/2021 0:00,3822.814103
3/22/2021 0:00,5032.304636
3/23/2021 0:00,4880.142857
3/24/2021 0:00,4984.848684
3/25/2021 0:00,5385.467532
3/26/2021 0:00,5674.272059
3/27/2021 0:00,4445.830189
3/28/2021 0:00,3860.823899
3/29/2021 0:00,4907.966887
3/30/2021 0:00,5502.938356
3/31/2021 0:00,5564.936306
4/1/2021 0:00,5438.048276
4/2/2021 0:00,5567.292857
4/3/2021 0:00,5249.045802
4/4/2021 0:00,4117.589041
4/5/2021 0:00,4724.269231
4/6/2021 0:00,5756.208333
4/7/2021 0:00,5408.267516
4/8/2021 0:00,5556.5
4/9/2021 0:00,5538.019737
4/10/2021 0:00,4800.318471
4/11/2021 0:00,4387.772414
4/12/2021 0:00,5155.659722
4/13/2021 0:00,5727.309859
4/14/2021 0:00,6164.733333
4/15/2021 0:00,5409.598837
4/16/2021 0:00,7236.203883
4/17/2021 0:00,6645.802198
4/18/2021 0:00,5939.193548
4/19/2021 0:00,6979.969072
4/20/2021 0:00,6458.15625
4/21/2021 0:00,7101.891089
4/22/2021 0:00,5147.643357
4/23/2021 0:00,5747.592593
4/24/2021 0:00,4800.758621
4/25/2021 0:00,4082.205674
4/26/2021 0:00,5759.877193
4/27/2021 0:00,5022.697183
4/28/2021 0:00,4934.661972
4/29/2021 0:00,5472.540984
4/30/2021 0:00,4893.158621
5/1/2021 0:00,4725.151079
5/2/2021 0:00,3019.302703
5/3/2021 0:00,4016.694915
5/4/2021 0:00,4146.198895
5/5/2021 0:00,5001.700637
5/6/2021 0:00,4894.647059
5/7/2021 0:00,4630.569767
5/8/2021 0:00,4302.982456
5/9/2021 0:00,3619.870968
5/10/2021 0:00,4447.261111
5/11/2021 0:00,4858.994186
5/12/2021 0:00,4848.877907
5/13/2021 0:00,4940.254658
5/14/2021 0:00,5469.097015
5/15/2021 0:00,5184.105691
5/16/2021 0:00,4488.090909
5/17/2021 0:00,5508.561983
5/18/2021 0:00,5964.8
5/19/2021 0:00,5819.136
5/20/2021 0:00,6134.5
5/21/2021 0:00,6325.809091
5/22/2021 0:00,5097.258621
5/23/2021 0:00,4640.638655
5/24/2021 0:00,4950.634921
5/25/2021 0:00,5101.715447
5/26/2021 0:00,5103.713115
5/27/2021 0:00,5029.957265
5/28/2021 0:00,5094.042017
5/29/2021 0:00,4532.991379
5/30/2021 0:00,3237.583333
5/31/2021 0:00,4127.929078
6/1/2021 0:00,4148.077465
6/2/2021 0:00,3864.036145
6/3/2021 0:00,4570.884354
6/4/2021 0:00,4753.725191
6/5/2021 0:00,4097.847328
6/6/2021 0:00,3074.233333
6/7/2021 0:00,4418.669173
6/8/2021 0:00,4331.610738
6/9/2021 0:00,4593.214286
6/10/2021 0:00,5582.101695
6/11/2021 0:00,5720.6
6/12/2021 0:00,4276.265152
6/13/2021 0:00,3537.787879
6/14/2021 0:00,4392.577778
6/15/2021 0:00,5041.48855
6/16/2021 0:00,5098.146341
6/17/2021 0:00,4533.092308
6/18/2021 0:00,4487.177419
6/19/2021 0:00,4678.184466
6/20/2021 0:00,4106
6/21/2021 0:00,5051.209524
6/22/2021 0:00,5958.076923
6/23/2021 0:00,5678.70297
6/24/2021 0:00,5409.219048
6/25/2021 0:00,4955.709091
6/26/2021 0:00,5407.932584
6/27/2021 0:00,6242.220339
6/28/2021 0:00,6342.793103
6/29/2021 0:00,6157.1
6/30/2021 0:00,6129.449438
7/1/2021 0:00,6221.294737
7/2/2021 0:00,5856.044444
7/3/2021 0:00,4395.047244
7/4/2021 0:00,3920.295652
7/5/2021 0:00,3986.44697
7/6/2021 0:00,3926.56338
7/7/2021 0:00,4466.211382
7/8/2021 0:00,4066.848921
7/9/2021 0:00,4253.053435
7/10/2021 0:00,2982.15528
7/11/2021 0:00,3373.848
7/12/2021 0:00,4253.222222
7/13/2021 0:00,3868.139706
7/14/2021 0:00,3223.929412
7/15/2021 0:00,4322.804688
7/16/2021 0:00,3582.753333
7/17/2021 0:00,3137.461538
7/18/2021 0:00,2800.701389
7/19/2021 0:00,3080.764706
7/20/2021 0:00,4498.204918
7/21/2021 0:00,3827.358621
7/22/2021 0:00,3614.248366
7/23/2021 0:00,4201.896296
7/24/2021 0:00,3135.837662
7/25/2021 0:00,2735.228758
7/26/2021 0:00,4044.2
7/27/2021 0:00,3329.894118
7/28/2021 0:00,3744.738854
7/29/2021 0:00,3878.0625
7/30/2021 0:00,3746.433735
7/31/2021 0:00,3258.316456
8/1/2021 0:00,2917.467532
8/2/2021 0:00,3829.734266
8/3/2021 0:00,3344.183432
8/4/2021 0:00,4121.338235
8/5/2021 0:00,3712.8375
8/6/2021 0:00,3828.930818
8/7/2021 0:00,3043.850299
8/8/2021 0:00,2893.879747
8/9/2021 0:00,3749.493421
8/10/2021 0:00,3608.024242
8/11/2021 0:00,4050.62585
8/12/2021 0:00,3807.278146
8/13/2021 0:00,4339.697183
8/14/2021 0:00,3076.993902
8/15/2021 0:00,2489.021978
8/16/2021 0:00,3664.720497
8/17/2021 0:00,3405.261628
8/18/2021 0:00,4228.822222
8/19/2021 0:00,3773.298701
8/20/2021 0:00,4049.7375
8/21/2021 0:00,3155.947059
8/22/2021 0:00,2742.182927
8/23/2021 0:00,3081.847716
8/24/2021 0:00,3925.87013
8/25/2021 0:00,3791.56875
8/26/2021 0:00,4114.60274
8/27/2021 0:00,4104.363014
8/28/2021 0:00,3731.687943
8/29/2021 0:00,2942.666667
8/30/2021 0:00,4220.066667
8/31/2021 0:00,4399.326389
9/1/2021 0:00,4757.430657
9/2/2021 0:00,4569.127517
9/3/2021 0:00,4478.277027
9/4/2021 0:00,3599.877419
9/5/2021 0:00,2967.22561
9/6/2021 0:00,3445.540698
9/7/2021 0:00,4155.058824
9/8/2021 0:00,4435.605634
9/9/2021 0:00,4868.605839
9/10/2021 0:00,4514.897059
9/11/2021 0:00,3648.310811
9/12/2021 0:00,3252.217687
9/13/2021 0:00,3605.012579
9/14/2021 0:00,3633.886905
9/15/2021 0:00,4389.739437
9/16/2021 0:00,4740.786765
9/17/2021 0:00,4274.564626
9/18/2021 0:00,3520.722581
9/19/2021 0:00,3056.90625
9/20/2021 0:00,3767.384146
9/21/2021 0:00,4639.845528
9/22/2021 0:00,4592.455224
9/23/2021 0:00,3770.763636
9/24/2021 0:00,4451.952703
9/25/2021 0:00,3623.034722
9/26/2021 0:00,3443.769784
9/27/2021 0:00,3750.251613
9/28/2021 0:00,3870.105263
9/29/2021 0:00,4315.861538
9/30/2021 0:00,4024.403509
10/1/2021 0:00,4833.814286
10/2/2021 0:00,3238.574468
10/3/2021 0:00,3544.553333
10/4/2021 0:00,3913.961538
10/5/2021 0:00,4249.859756
10/6/2021 0:00,4821.358779
10/7/2021 0:00,5252.723404
10/8/2021 0:00,5515.591667
10/9/2021 0:00,4027.766667
10/10/2021 0:00,3254.767296
10/11/2021 0:00,4352.486301
10/12/2021 0:00,5004
10/13/2021 0:00,3850.710059
10/14/2021 0:00,4839.890511
10/15/2021 0:00,5137.170213
10/16/2021 0:00,4866.684211
10/17/2021 0:00,3404.64375
10/18/2021 0:00,4420.986486
10/19/2021 0:00,4560.606452
10/20/2021 0:00,4536.389262
10/21/2021 0:00,4906.932432
10/22/2021 0:00,4255.905063
10/23/2021 0:00,4065.503448
10/24/2021 0:00,3534.921569
10/25/2021 0:00,3699.137363
10/26/2021 0:00,4566.28
10/27/2021 0:00,4381.808917
10/28/2021 0:00,4751.718954
10/29/2021 0:00,4291.649123
10/30/2021 0:00,4245.412903
10/31/2021 0:00,4015.23741
11/1/2021 0:00,4739.628378
11/2/2021 0:00,4443.21519
11/3/2021 0:00,4290.708075
11/4/2021 0:00,4910.034965
11/5/2021 0:00,4494.290323
11/6/2021 0:00,3962.25974
11/7/2021 0:00,3725.928105
11/8/2021 0:00,4949.066667
11/9/2021 0:00,4909.927632
11/10/2021 0:00,4770.201342
11/11/2021 0:00,4403.924051
11/12/2021 0:00,4713.84507
11/13/2021 0:00,4050.48366
11/14/2021 0:00,3580.522293
11/15/2021 0:00,4405.119205
11/16/2021 0:00,4706.786667
11/17/2021 0:00,4517.234899
11/18/2021 0:00,4831.576389
11/19/2021 0:00,5036.437956
11/20/2021 0:00,4297.986207
11/21/2021 0:00,4325.621212
11/22/2021 0:00,4556.93617
11/23/2021 0:00,5063.863636
11/24/2021 0:00,4470.292994
11/25/2021 0:00,5475.284615
11/26/2021 0:00,5420.94697
11/27/2021 0:00,4238.125874
11/28/2021 0:00,3905.179856
11/29/2021 0:00,4795.797203
11/30/2021 0:00,5279.171642
12/1/2021 0:00,5119.656934
12/2/2021 0:00,4830.406452
12/3/2021 0:00,4300.005952
12/4/2021 0:00,4456.793548
12/5/2021 0:00,3487.126506
12/6/2021 0:00,3901.767442
12/7/2021 0:00,4559.227273
12/8/2021 0:00,3775.678571
12/9/2021 0:00,4203.055215
12/10/2021 0:00,4563.141026
12/11/2021 0:00,3895.370861
12/12/2021 0:00,3934.6
12/13/2021 0:00,4626.056738
12/14/2021 0:00,4388.324324
12/15/2021 0:00,4811.375887
12/16/2021 0:00,5600.13913
12/17/2021 0:00,4275.724832
12/18/2021 0:00,4672.5
12/19/2021 0:00,3636.228188
12/20/2021 0:00,4464.611111
12/21/2021 0:00,4472.310559
12/22/2021 0:00,4668.5
12/23/2021 0:00,4773.276316
12/24/2021 0:00,4422.271523
12/25/2021 0:00,3877.47619
12/26/2021 0:00,4198.216418
12/27/2021 0:00,4492.912162
12/28/2021 0:00,5226.723881
12/29/2021 0:00,4962.062069
12/30/2021 0:00,5667.134454
12/31/2021 0:00,4634.919463
1/1/2022 0:00,2959.424419
1/2/2022 0:00,3323.303797
1/3/2022 0:00,4368.871429
1/4/2022 0:00,4445.387755
1/5/2022 0:00,4532.013333
1/6/2022 0:00,4687.60274
1/7/2022 0:00,4702.171429
1/8/2022 0:00,4079.951389
1/9/2022 0:00,4027.971631
1/10/2022 0:00,4529.535211
1/11/2022 0:00,4260.702532
1/12/2022 0:00,4708.42446
1/13/2022 0:00,3803.195531
1/14/2022 0:00,4271.371069
1/15/2022 0:00,3714.915663
1/16/2022 0:00,3264.102857
1/17/2022 0:00,3877.310559
1/18/2022 0:00,4756.727941
1/19/2022 0:00,3819.317919
1/20/2022 0:00,4063.52071
1/21/2022 0:00,5452.783582
1/22/2022 0:00,4949.298507
1/23/2022 0:00,3949.751773
1/24/2022 0:00,4417.693333
1/25/2022 0:00,4214.934211
1/26/2022 0:00,4898.384615
1/27/2022 0:00,4898.854962
1/28/2022 0:00,4419.88961
1/29/2022 0:00,4011.355705
1/30/2022 0:00,3783.308219
1/31/2022 0:00,4579.314685
2/1/2022 0:00,4428.155844
2/2/2022 0:00,4369.20915
2/3/2022 0:00,4577.727891
2/4/2022 0:00,5098.1
2/5/2022 0:00,5650.319328
2/6/2022 0:00,3642.903846
2/7/2022 0:00,4759.154412
2/8/2022 0:00,4393.883117
2/9/2022 0:00,4598.978571
2/10/2022 0:00,4556.340136
2/11/2022 0:00,4623.669014
2/12/2022 0:00,3457.754011
2/13/2022 0:00,3678.708861
2/14/2022 0:00,4069.405229
2/15/2022 0:00,3788.942857
2/16/2022 0:00,4251.320513
2/17/2022 0:00,4189.605096
2/18/2022 0:00,5052.820896
2/19/2022 0:00,3857.838926
2/20/2022 0:00,3799.256944
2/21/2022 0:00,4853.195122
2/22/2022 0:00,4200.894737
2/23/2022 0:00,4095.813333
2/24/2022 0:00,5079.613636
2/25/2022 0:00,5179.492537
2/26/2022 0:00,4676.456
2/27/2022 0:00,4399.713235
2/28/2022 0:00,4467.415584
3/1/2022 0:00,4424.407407
3/2/2022 0:00,5297.904412
3/3/2022 0:00,4785.472973
3/4/2022 0:00,4934.597122
3/5/2022 0:00,5095.902439
3/6/2022 0:00,4244.847328
3/7/2022 0:00,4369.581081
3/8/2022 0:00,4402.810811
3/9/2022 0:00,4977.811594
3/10/2022 0:00,4723.468966
3/11/2022 0:00,4835.268116
3/12/2022 0:00,3811.429487
3/13/2022 0:00,3702.192053
3/14/2022 0:00,4204.614379
3/15/2022 0:00,4801.625899
3/16/2022 0:00,4577.6
3/17/2022 0:00,4697.314465
3/18/2022 0:00,4936.671329
3/19/2022 0:00,4144.245161
3/20/2022 0:00,3663.097403
3/21/2022 0:00,4259.326797
3/22/2022 0:00,4449.845638
3/23/2022 0:00,4553.455172
3/24/2022 0:00,4662.748252
3/25/2022 0:00,4775.980769
3/26/2022 0:00,3760.73913
3/27/2022 0:00,4517.068702
3/28/2022 0:00,4416.591195
3/29/2022 0:00,4629.417219
,
,
,
,
,
,
,
,
,
,
,
,
,
,
,
,
,
,
,
,
,
,
,
,
,
,
,
,
,
,
,
,
,
,
,
,
,
,
,
,
,
,
,
,
,
,
,
,
,
,
,
,
,
,
,
,
,
,
,
,
,
,
,
,
,
,
,
,
