Timestamp,difficulty
1/2/2009 23:00,1
1/5/2009 23:00,0
1/8/2009 23:00,1
1/11/2009 23:00,1
1/14/2009 23:00,1
1/17/2009 23:00,1
1/20/2009 23:00,1
1/23/2009 23:00,1
1/26/2009 23:00,1
1/29/2009 23:00,1
2/1/2009 23:00,1
2/4/2009 23:00,1
2/7/2009 23:00,1
2/10/2009 23:00,1
2/13/2009 23:00,1
2/16/2009 23:00,1
2/19/2009 23:00,1
2/22/2009 23:00,1
2/25/2009 23:00,1
2/28/2009 23:00,1
3/3/2009 23:00,1
3/6/2009 23:00,1
3/9/2009 23:00,1
3/12/2009 23:00,1
3/15/2009 23:00,1
3/18/2009 23:00,1
3/21/2009 23:00,1
3/24/2009 23:00,1
3/27/2009 23:00,1
3/31/2009 0:00,1
4/3/2009 0:00,1
4/6/2009 0:00,1
4/9/2009 0:00,1
4/12/2009 0:00,1
4/15/2009 0:00,1
4/18/2009 0:00,1
4/21/2009 0:00,1
4/24/2009 0:00,1
4/27/2009 0:00,1
4/30/2009 0:00,1
5/3/2009 0:00,1
5/6/2009 0:00,1
5/9/2009 0:00,1
5/12/2009 0:00,1
5/15/2009 0:00,1
5/18/2009 0:00,1
5/21/2009 0:00,1
5/24/2009 0:00,1
5/27/2009 0:00,1
5/30/2009 0:00,1
6/2/2009 0:00,1
6/5/2009 0:00,1
6/8/2009 0:00,1
6/11/2009 0:00,1
6/14/2009 0:00,1
6/17/2009 0:00,1
6/20/2009 0:00,1
6/23/2009 0:00,1
6/26/2009 0:00,1
6/29/2009 0:00,1
7/2/2009 0:00,1
7/5/2009 0:00,1
7/8/2009 0:00,1
7/11/2009 0:00,1
7/14/2009 0:00,1
7/17/2009 0:00,1
7/20/2009 0:00,1
7/23/2009 0:00,1
7/26/2009 0:00,1
7/29/2009 0:00,1
8/1/2009 0:00,1
8/4/2009 0:00,1
8/7/2009 0:00,1
8/10/2009 0:00,1
8/13/2009 0:00,1
8/16/2009 0:00,1
8/19/2009 0:00,1
8/22/2009 0:00,1
8/25/2009 0:00,1
8/28/2009 0:00,1
8/31/2009 0:00,1
9/3/2009 0:00,1
9/6/2009 0:00,1
9/9/2009 0:00,1
9/12/2009 0:00,1
9/15/2009 0:00,1
9/18/2009 0:00,1
9/21/2009 0:00,1
9/24/2009 0:00,1
9/27/2009 0:00,1
9/30/2009 0:00,1
10/3/2009 0:00,1
10/6/2009 0:00,1
10/9/2009 0:00,1
10/12/2009 0:00,1
10/15/2009 0:00,1
10/18/2009 0:00,1
10/21/2009 0:00,1
10/24/2009 0:00,1
10/26/2009 23:00,1
10/29/2009 23:00,1
11/1/2009 23:00,1
11/4/2009 23:00,1
11/7/2009 23:00,1
11/10/2009 23:00,1
11/13/2009 23:00,1
11/16/2009 23:00,1
11/19/2009 23:00,1
11/22/2009 23:00,1
11/25/2009 23:00,1
11/28/2009 23:00,1
12/1/2009 23:00,1
12/4/2009 23:00,1
12/7/2009 23:00,1
12/10/2009 23:00,1
12/13/2009 23:00,1
12/16/2009 23:00,1
12/19/2009 23:00,1
12/22/2009 23:00,1
12/25/2009 23:00,1
12/28/2009 23:00,1
12/31/2009 23:00,1.182899534
1/3/2010 23:00,1.182899534
1/6/2010 23:00,1.182899534
1/9/2010 23:00,1.182899534
1/12/2010 23:00,1.305062132
1/15/2010 23:00,1.305062132
1/18/2010 23:00,1.305062132
1/21/2010 23:00,1.305062132
1/24/2010 23:00,1.344224971
1/27/2010 23:00,1.344224971
1/30/2010 23:00,1.344224971
2/2/2010 23:00,1.344224971
2/5/2010 23:00,1.818648536
2/8/2010 23:00,1.818648536
2/11/2010 23:00,1.818648536
2/14/2010 23:00,2.527738215
2/17/2010 23:00,2.527738215
2/20/2010 23:00,2.527738215
2/23/2010 23:00,3.781179252
2/26/2010 23:00,3.781179252
3/1/2010 23:00,3.781179252
3/4/2010 23:00,3.781179252
3/7/2010 23:00,4.53108175
3/10/2010 23:00,4.53108175
3/13/2010 23:00,4.53108175
3/16/2010 23:00,4.53108175
3/19/2010 23:00,4.53108175
3/22/2010 23:00,4.56516291
3/25/2010 23:00,4.56516291
3/29/2010 0:00,4.56516291
4/1/2010 0:00,6.085476906
4/4/2010 0:00,6.085476906
4/7/2010 0:00,6.085476906
4/10/2010 0:00,6.085476906
4/13/2010 0:00,7.819796993
4/16/2010 0:00,7.819796993
4/19/2010 0:00,7.819796993
4/22/2010 0:00,11.46431581
4/25/2010 0:00,11.46431581
4/28/2010 0:00,11.46431581
5/1/2010 0:00,11.46431581
5/4/2010 0:00,12.84918315
5/7/2010 0:00,12.84918315
5/10/2010 0:00,12.84918315
5/13/2010 0:00,12.84918315
5/16/2010 0:00,12.84918315
5/19/2010 0:00,12.84918315
5/22/2010 0:00,11.84622815
5/25/2010 0:00,11.84622815
5/28/2010 0:00,11.84622815
5/31/2010 0:00,16.61907875
6/3/2010 0:00,16.61907875
6/6/2010 0:00,16.61907875
6/9/2010 0:00,16.61907875
6/12/2010 0:00,17.38148816
6/15/2010 0:00,17.38148816
6/18/2010 0:00,17.38148816
6/21/2010 0:00,17.38148816
6/24/2010 0:00,19.40479633
6/27/2010 0:00,19.40479633
6/30/2010 0:00,19.40479633
7/3/2010 0:00,19.40479633
7/6/2010 0:00,23.50125722
7/9/2010 0:00,23.50125722
7/12/2010 0:00,23.50125722
7/15/2010 0:00,45.38582234
7/18/2010 0:00,181.5432894
7/21/2010 0:00,181.5432894
7/24/2010 0:00,181.5432894
7/27/2010 0:00,244.2132231
7/30/2010 0:00,244.2132231
8/2/2010 0:00,244.2132231
8/5/2010 0:00,244.2132231
8/8/2010 0:00,352.1612091
8/11/2010 0:00,352.1612091
8/14/2010 0:00,352.1612091
8/17/2010 0:00,511.7735343
8/20/2010 0:00,511.7735343
8/23/2010 0:00,511.7735343
8/26/2010 0:00,511.7735343
8/29/2010 0:00,623.3869599
9/1/2010 0:00,623.3869599
9/4/2010 0:00,623.3869599
9/7/2010 0:00,623.3869599
9/10/2010 0:00,712.8848646
9/13/2010 0:00,712.8848646
9/16/2010 0:00,712.8848646
9/19/2010 0:00,917.8307413
9/22/2010 0:00,917.8307413
9/25/2010 0:00,917.8307413
9/28/2010 0:00,917.8307413
10/1/2010 0:00,1318.67005
10/4/2010 0:00,1318.67005
10/7/2010 0:00,1318.67005
10/10/2010 0:00,1318.67005
10/13/2010 0:00,1378.028165
10/16/2010 0:00,1378.028165
10/19/2010 0:00,1378.028165
10/22/2010 0:00,2149.021815
10/25/2010 0:00,2149.021815
10/28/2010 0:00,2149.021815
10/31/2010 0:00,3091.73689
11/2/2010 23:00,3091.73689
11/5/2010 23:00,3091.73689
11/8/2010 23:00,4536.353723
11/11/2010 23:00,4536.353723
11/14/2010 23:00,4536.353723
11/17/2010 23:00,4536.353723
11/20/2010 23:00,6866.898649
11/23/2010 23:00,6866.898649
11/26/2010 23:00,6866.898649
11/29/2010 23:00,8078.195258
12/2/2010 23:00,8078.195258
12/5/2010 23:00,8078.195258
12/8/2010 23:00,8078.195258
12/11/2010 23:00,12251.99976
12/14/2010 23:00,12251.99976
12/17/2010 23:00,12251.99976
12/20/2010 23:00,12251.99976
12/23/2010 23:00,14484.16236
12/26/2010 23:00,14484.16236
12/29/2010 23:00,14484.16236
1/1/2011 23:00,14484.16236
1/4/2011 23:00,16307.42094
1/7/2011 23:00,16307.42094
1/10/2011 23:00,16307.42094
1/13/2011 23:00,16307.42094
1/16/2011 23:00,18437.64439
1/19/2011 23:00,18437.64439
1/22/2011 23:00,18437.64439
1/25/2011 23:00,18437.64439
1/28/2011 23:00,22012.38134
1/31/2011 23:00,22012.38134
2/3/2011 23:00,22012.38134
2/6/2011 23:00,22012.38134
2/9/2011 23:00,25997.87993
2/12/2011 23:00,25997.87993
2/15/2011 23:00,25997.87993
2/18/2011 23:00,36459.88693
2/21/2011 23:00,36459.88693
2/24/2011 23:00,36459.88693
2/27/2011 23:00,55589.51813
3/2/2011 23:00,55589.51813
3/5/2011 23:00,55589.51813
3/8/2011 23:00,76192.61935
3/11/2011 23:00,76192.61935
3/14/2011 23:00,76192.61935
3/17/2011 23:00,76192.61935
3/20/2011 23:00,76192.61935
3/23/2011 23:00,76192.61935
3/26/2011 23:00,68977.78463
3/30/2011 0:00,68977.78463
4/2/2011 0:00,68977.78463
4/5/2011 0:00,68977.78463
4/8/2011 0:00,82345.64411
4/11/2011 0:00,82345.64411
4/14/2011 0:00,82345.64411
4/17/2011 0:00,82345.64411
4/20/2011 0:00,92347.59095
4/23/2011 0:00,92347.59095
4/26/2011 0:00,92347.59095
4/29/2011 0:00,92347.59095
5/2/2011 0:00,109670.1333
5/5/2011 0:00,109670.1333
5/8/2011 0:00,109670.1333
5/11/2011 0:00,157416.4018
5/14/2011 0:00,157416.4018
5/17/2011 0:00,157416.4018
5/20/2011 0:00,244112.4878
5/23/2011 0:00,244112.4878
5/26/2011 0:00,244112.4878
5/29/2011 0:00,434877.0455
6/1/2011 0:00,434877.0455
6/4/2011 0:00,434877.0455
6/7/2011 0:00,567269.5302
6/10/2011 0:00,567269.5302
6/13/2011 0:00,567269.5302
6/16/2011 0:00,876954.4935
6/19/2011 0:00,876954.4935
6/22/2011 0:00,876954.4935
6/25/2011 0:00,1379192.288
6/28/2011 0:00,1379192.288
7/1/2011 0:00,1379192.288
7/4/2011 0:00,1379192.288
7/7/2011 0:00,1563027.996
7/10/2011 0:00,1563027.996
7/13/2011 0:00,1563027.996
7/16/2011 0:00,1563027.996
7/19/2011 0:00,1563027.996
7/22/2011 0:00,1690895.803
7/25/2011 0:00,1690895.803
7/28/2011 0:00,1690895.803
7/31/2011 0:00,1690895.803
8/3/2011 0:00,1888786.705
8/6/2011 0:00,1888786.705
8/9/2011 0:00,1888786.705
8/12/2011 0:00,1888786.705
8/15/2011 0:00,1888786.705
8/18/2011 0:00,1805700.836
8/21/2011 0:00,1805700.836
8/24/2011 0:00,1805700.836
8/27/2011 0:00,1805700.836
8/30/2011 0:00,1805700.836
9/2/2011 0:00,1777774.482
9/5/2011 0:00,1777774.482
9/8/2011 0:00,1777774.482
9/11/2011 0:00,1777774.482
9/14/2011 0:00,1755425.32
9/17/2011 0:00,1755425.32
9/20/2011 0:00,1755425.32
9/23/2011 0:00,1755425.32
9/26/2011 0:00,1755425.32
9/29/2011 0:00,1689334.405
10/2/2011 0:00,1689334.405
10/5/2011 0:00,1689334.405
10/8/2011 0:00,1689334.405
10/11/2011 0:00,1689334.405
10/14/2011 0:00,1689334.405
10/17/2011 0:00,1468195.427
10/20/2011 0:00,1468195.427
10/23/2011 0:00,1468195.427
10/26/2011 0:00,1468195.427
10/29/2011 0:00,1468195.427
10/31/2011 23:00,1203461.926
11/3/2011 23:00,1203461.926
11/6/2011 23:00,1203461.926
11/9/2011 23:00,1203461.926
11/12/2011 23:00,1203461.926
11/15/2011 23:00,1192497.75
11/18/2011 23:00,1192497.75
11/21/2011 23:00,1192497.75
11/24/2011 23:00,1192497.75
11/27/2011 23:00,1192497.75
11/30/2011 23:00,1090715.68
12/3/2011 23:00,1090715.68
12/6/2011 23:00,1090715.68
12/9/2011 23:00,1090715.68
12/12/2011 23:00,1155038.334
12/15/2011 23:00,1155038.334
12/18/2011 23:00,1155038.334
12/21/2011 23:00,1155038.334
12/24/2011 23:00,1155038.334
12/27/2011 23:00,1159929.497
12/30/2011 23:00,1159929.497
1/2/2012 23:00,1159929.497
1/5/2012 23:00,1159929.497
1/8/2012 23:00,1250757.739
1/11/2012 23:00,1250757.739
1/14/2012 23:00,1250757.739
1/17/2012 23:00,1250757.739
1/20/2012 23:00,1250757.739
1/23/2012 23:00,1307728.361
1/26/2012 23:00,1307728.361
1/29/2012 23:00,1307728.361
2/1/2012 23:00,1307728.361
2/4/2012 23:00,1379647.439
2/7/2012 23:00,1379647.439
2/10/2012 23:00,1379647.439
2/13/2012 23:00,1379647.439
2/16/2012 23:00,1379647.439
2/19/2012 23:00,1376302.268
2/22/2012 23:00,1376302.268
2/25/2012 23:00,1376302.268
2/28/2012 23:00,1376302.268
3/2/2012 23:00,1496978.595
3/5/2012 23:00,1496978.595
3/8/2012 23:00,1496978.595
3/11/2012 23:00,1496978.595
3/14/2012 23:00,1496978.595
3/17/2012 23:00,1498294.363
3/20/2012 23:00,1498294.363
3/23/2012 23:00,1498294.363
3/27/2012 0:00,1498294.363
3/30/2012 0:00,1626553.481
4/2/2012 0:00,1626553.481
4/5/2012 0:00,1626553.481
4/8/2012 0:00,1626553.481
4/11/2012 0:00,1626553.481
4/14/2012 0:00,1577913.486
4/17/2012 0:00,1577913.486
4/20/2012 0:00,1577913.486
4/23/2012 0:00,1577913.486
4/26/2012 0:00,1577913.486
4/29/2012 0:00,1508589.672
5/2/2012 0:00,1508589.672
5/5/2012 0:00,1508589.672
5/8/2012 0:00,1508589.672
5/11/2012 0:00,1733207.514
5/14/2012 0:00,1733207.514
5/17/2012 0:00,1733207.514
5/20/2012 0:00,1733207.514
5/23/2012 0:00,1733207.514
5/26/2012 0:00,1591074.962
5/29/2012 0:00,1591074.962
6/1/2012 0:00,1591074.962
6/4/2012 0:00,1591074.962
6/7/2012 0:00,1591074.962
6/10/2012 0:00,1583177.847
6/13/2012 0:00,1583177.847
6/16/2012 0:00,1583177.847
6/19/2012 0:00,1583177.847
6/22/2012 0:00,1726566.559
6/25/2012 0:00,1726566.559
6/28/2012 0:00,1726566.559
7/1/2012 0:00,1726566.559
7/4/2012 0:00,1751454.535
7/7/2012 0:00,1751454.535
7/10/2012 0:00,1751454.535
7/13/2012 0:00,1751454.535
7/16/2012 0:00,1751454.535
7/19/2012 0:00,1866391.305
7/22/2012 0:00,1866391.305
7/25/2012 0:00,1866391.305
7/28/2012 0:00,1866391.305
7/31/2012 0:00,2036671.089
8/3/2012 0:00,2036671.089
8/6/2012 0:00,2036671.089
8/9/2012 0:00,2036671.089
8/12/2012 0:00,2190865.97
8/15/2012 0:00,2190865.97
8/18/2012 0:00,2190865.97
8/21/2012 0:00,2190865.97
8/24/2012 0:00,2190865.97
8/27/2012 0:00,2440642.607
8/30/2012 0:00,2440642.607
9/2/2012 0:00,2440642.607
9/5/2012 0:00,2440642.607
9/8/2012 0:00,2694047.953
9/11/2012 0:00,2694047.953
9/14/2012 0:00,2694047.953
9/17/2012 0:00,2694047.953
9/20/2012 0:00,2864140.508
9/23/2012 0:00,2864140.508
9/26/2012 0:00,2864140.508
9/29/2012 0:00,2864140.508
10/2/2012 0:00,2864140.508
10/5/2012 0:00,3054627.527
10/8/2012 0:00,3054627.527
10/11/2012 0:00,3054627.527
10/14/2012 0:00,3054627.527
10/17/2012 0:00,3072321.732
10/20/2012 0:00,3072321.732
10/23/2012 0:00,3072321.732
10/26/2012 0:00,3072321.732
10/28/2012 23:00,3072321.732
10/31/2012 23:00,3304356.393
11/3/2012 23:00,3304356.393
11/6/2012 23:00,3304356.393
11/9/2012 23:00,3304356.393
11/12/2012 23:00,3368767.141
11/15/2012 23:00,3368767.141
11/18/2012 23:00,3368767.141
11/21/2012 23:00,3368767.141
11/24/2012 23:00,3368767.141
11/27/2012 23:00,3438908.96
11/30/2012 23:00,3438908.96
12/3/2012 23:00,3438908.96
12/6/2012 23:00,3438908.96
12/9/2012 23:00,3438908.96
12/12/2012 23:00,3370181.799
12/15/2012 23:00,3370181.799
12/18/2012 23:00,3370181.799
12/21/2012 23:00,3370181.799
12/24/2012 23:00,3370181.799
12/27/2012 23:00,2979636.617
12/30/2012 23:00,2979636.617
1/2/2013 23:00,2979636.617
1/5/2013 23:00,2979636.617
1/8/2013 23:00,3249549.584
1/11/2013 23:00,3249549.584
1/14/2013 23:00,3249549.584
1/17/2013 23:00,3249549.584
1/20/2013 23:00,3249549.584
1/23/2013 23:00,3249549.584
1/26/2013 23:00,2968775.332
1/29/2013 23:00,2968775.332
2/1/2013 23:00,2968775.332
2/4/2013 23:00,3275464.587
2/7/2013 23:00,3275464.587
2/10/2013 23:00,3275464.587
2/13/2013 23:00,3275464.587
2/16/2013 23:00,3275464.587
2/19/2013 23:00,3651011.631
2/22/2013 23:00,3651011.631
2/25/2013 23:00,3651011.631
2/28/2013 23:00,4367876.001
3/3/2013 23:00,4367876.001
3/6/2013 23:00,4367876.001
3/9/2013 23:00,4367876.001
3/12/2013 23:00,4367876.001
3/15/2013 23:00,4847647.152
3/18/2013 23:00,4847647.152
3/21/2013 23:00,4847647.152
3/24/2013 23:00,6695826.283
3/27/2013 23:00,6695826.283
3/30/2013 23:00,6695826.283
4/3/2013 0:00,6695826.283
4/6/2013 0:00,7672999.92
4/9/2013 0:00,7672999.92
4/12/2013 0:00,7672999.92
4/15/2013 0:00,7672999.92
4/18/2013 0:00,8974296.015
4/21/2013 0:00,8974296.015
4/24/2013 0:00,8974296.015
4/27/2013 0:00,8974296.015
4/30/2013 0:00,10076292.88
5/3/2013 0:00,10076292.88
5/6/2013 0:00,10076292.88
5/9/2013 0:00,10076292.88
5/12/2013 0:00,10076292.88
5/15/2013 0:00,11187257.46
5/18/2013 0:00,11187257.46
5/21/2013 0:00,11187257.46
5/24/2013 0:00,11187257.46
5/27/2013 0:00,12153411.71
5/30/2013 0:00,12153411.71
6/2/2013 0:00,12153411.71
6/5/2013 0:00,15605632.68
6/8/2013 0:00,15605632.68
6/11/2013 0:00,15605632.68
6/14/2013 0:00,15605632.68
6/17/2013 0:00,19339258.27
6/20/2013 0:00,19339258.27
6/23/2013 0:00,19339258.27
6/26/2013 0:00,19339258.27
6/29/2013 0:00,21335329.11
7/2/2013 0:00,21335329.11
7/5/2013 0:00,21335329.11
7/8/2013 0:00,21335329.11
7/11/2013 0:00,26162875.68
7/14/2013 0:00,26162875.68
7/17/2013 0:00,26162875.68
7/20/2013 0:00,26162875.68
7/23/2013 0:00,31256960.73
7/26/2013 0:00,31256960.73
7/29/2013 0:00,31256960.73
8/1/2013 0:00,31256960.73
8/4/2013 0:00,37392766.14
8/7/2013 0:00,37392766.14
8/10/2013 0:00,37392766.14
8/13/2013 0:00,50810339.05
8/16/2013 0:00,50810339.05
8/19/2013 0:00,50810339.05
8/22/2013 0:00,50810339.05
8/25/2013 0:00,65750060.15
8/28/2013 0:00,65750060.15
8/31/2013 0:00,65750060.15
9/3/2013 0:00,65750060.15
9/6/2013 0:00,86933017.77
9/9/2013 0:00,86933017.77
9/12/2013 0:00,86933017.77
9/15/2013 0:00,112628548.7
9/18/2013 0:00,112628548.7
9/21/2013 0:00,112628548.7
9/24/2013 0:00,112628548.7
9/27/2013 0:00,148819199.8
9/30/2013 0:00,148819199.8
10/3/2013 0:00,148819199.8
10/6/2013 0:00,189281249.3
10/9/2013 0:00,189281249.3
10/12/2013 0:00,189281249.3
10/15/2013 0:00,189281249.3
10/18/2013 0:00,267731249.5
10/21/2013 0:00,267731249.5
10/24/2013 0:00,267731249.5
10/27/2013 0:00,390928787.6
10/29/2013 23:00,390928787.6
11/1/2013 23:00,390928787.6
11/4/2013 23:00,390928787.6
11/7/2013 23:00,510929738
11/10/2013 23:00,510929738
11/13/2013 23:00,510929738
11/16/2013 23:00,609482679.9
11/19/2013 23:00,609482679.9
11/22/2013 23:00,609482679.9
11/25/2013 23:00,609482679.9
11/28/2013 23:00,707408283.1
12/1/2013 23:00,707408283.1
12/4/2013 23:00,707408283.1
12/7/2013 23:00,707408283.1
12/10/2013 23:00,908350862.4
12/13/2013 23:00,908350862.4
12/16/2013 23:00,908350862.4
12/19/2013 23:00,908350862.4
12/22/2013 23:00,1180923195
12/25/2013 23:00,1180923195
12/28/2013 23:00,1180923195
12/31/2013 23:00,1180923195
1/3/2014 23:00,1418481395
1/6/2014 23:00,1418481395
1/9/2014 23:00,1418481395
1/12/2014 23:00,1789546951
1/15/2014 23:00,1789546951
1/18/2014 23:00,1789546951
1/21/2014 23:00,1789546951
1/24/2014 23:00,2193847870
1/27/2014 23:00,2193847870
1/30/2014 23:00,2193847870
2/2/2014 23:00,2193847870
2/5/2014 23:00,2621404453
2/8/2014 23:00,2621404453
2/11/2014 23:00,2621404453
2/14/2014 23:00,2621404453
2/17/2014 23:00,3129573175
2/20/2014 23:00,3129573175
2/23/2014 23:00,3129573175
2/26/2014 23:00,3129573175
3/1/2014 23:00,3815723799
3/4/2014 23:00,3815723799
3/7/2014 23:00,3815723799
3/10/2014 23:00,3815723799
3/13/2014 23:00,4250217920
3/16/2014 23:00,4250217920
3/19/2014 23:00,4250217920
3/22/2014 23:00,4250217920
3/25/2014 23:00,5006860589
3/28/2014 23:00,5006860589
4/1/2014 0:00,5006860589
4/4/2014 0:00,5006860589
4/7/2014 0:00,6119726089
4/10/2014 0:00,6119726089
4/13/2014 0:00,6119726089
4/16/2014 0:00,6119726089
4/19/2014 0:00,6978842650
4/22/2014 0:00,6978842650
4/25/2014 0:00,6978842650
4/28/2014 0:00,6978842650
5/1/2014 0:00,8000872136
5/4/2014 0:00,8000872136
5/7/2014 0:00,8000872136
5/10/2014 0:00,8000872136
5/13/2014 0:00,8853416309
5/16/2014 0:00,8853416309
5/19/2014 0:00,8853416309
5/22/2014 0:00,8853416309
5/25/2014 0:00,10455720138
5/28/2014 0:00,10455720138
5/31/2014 0:00,10455720138
6/3/2014 0:00,10455720138
6/6/2014 0:00,11756551917
6/9/2014 0:00,11756551917
6/12/2014 0:00,11756551917
6/15/2014 0:00,11756551917
6/18/2014 0:00,13462580115
6/21/2014 0:00,13462580115
6/24/2014 0:00,13462580115
6/27/2014 0:00,13462580115
6/30/2014 0:00,16818461371
7/3/2014 0:00,16818461371
7/6/2014 0:00,16818461371
7/9/2014 0:00,16818461371
7/12/2014 0:00,16818461371
7/15/2014 0:00,17336316979
7/18/2014 0:00,17336316979
7/21/2014 0:00,17336316979
7/24/2014 0:00,17336316979
7/27/2014 0:00,18736441558
7/30/2014 0:00,18736441558
8/2/2014 0:00,18736441558
8/5/2014 0:00,18736441558
8/8/2014 0:00,19729645941
8/11/2014 0:00,19729645941
8/14/2014 0:00,19729645941
8/17/2014 0:00,19729645941
8/20/2014 0:00,23844670039
8/23/2014 0:00,23844670039
8/26/2014 0:00,23844670039
8/29/2014 0:00,23844670039
9/1/2014 0:00,27428630902
9/4/2014 0:00,27428630902
9/7/2014 0:00,27428630902
9/10/2014 0:00,27428630902
9/13/2014 0:00,27428630902
9/16/2014 0:00,29829733124
9/19/2014 0:00,29829733124
9/22/2014 0:00,29829733124
9/25/2014 0:00,29829733124
9/28/2014 0:00,34661425924
10/1/2014 0:00,34661425924
10/4/2014 0:00,34661425924
10/7/2014 0:00,34661425924
10/10/2014 0:00,35002482026
10/13/2014 0:00,35002482026
10/16/2014 0:00,35002482026
10/19/2014 0:00,35002482026
10/22/2014 0:00,35002482026
10/25/2014 0:00,35985640265
10/27/2014 23:00,35985640265
10/30/2014 23:00,35985640265
11/2/2014 23:00,35985640265
11/5/2014 23:00,39603666252
11/8/2014 23:00,39603666252
11/11/2014 23:00,39603666252
11/14/2014 23:00,39603666252
11/17/2014 23:00,39603666252
11/20/2014 23:00,40300030328
11/23/2014 23:00,40300030328
11/26/2014 23:00,40300030328
11/29/2014 23:00,40300030328
12/2/2014 23:00,40300030328
12/5/2014 23:00,40007470271
12/8/2014 23:00,40007470271
12/11/2014 23:00,40007470271
12/14/2014 23:00,40007470271
12/17/2014 23:00,39457671307
12/20/2014 23:00,39457671307
12/23/2014 23:00,39457671307
12/26/2014 23:00,39457671307
12/29/2014 23:00,39457671307
1/1/2015 23:00,40640955017
1/4/2015 23:00,40640955017
1/7/2015 23:00,40640955017
1/10/2015 23:00,40640955017
1/13/2015 23:00,43971662056
1/16/2015 23:00,43971662056
1/19/2015 23:00,43971662056
1/22/2015 23:00,43971662056
1/25/2015 23:00,43971662056
1/28/2015 23:00,41272873895
1/31/2015 23:00,41272873895
2/3/2015 23:00,41272873895
2/6/2015 23:00,41272873895
2/9/2015 23:00,44455415962
2/12/2015 23:00,44455415962
2/15/2015 23:00,44455415962
2/18/2015 23:00,44455415962
2/21/2015 23:00,44455415962
2/24/2015 23:00,46684376317
2/27/2015 23:00,46684376317
3/2/2015 23:00,46684376317
3/5/2015 23:00,46684376317
3/8/2015 23:00,47427554951
3/11/2015 23:00,47427554951
3/14/2015 23:00,47427554951
3/17/2015 23:00,47427554951
3/20/2015 23:00,47427554951
3/23/2015 23:00,46717549645
3/26/2015 23:00,46717549645
3/30/2015 0:00,46717549645
4/2/2015 0:00,46717549645
4/5/2015 0:00,49446390688
4/8/2015 0:00,49446390688
4/11/2015 0:00,49446390688
4/14/2015 0:00,49446390688
4/17/2015 0:00,49446390688
4/20/2015 0:00,49446390688
4/23/2015 0:00,47610564513
4/26/2015 0:00,47610564513
4/29/2015 0:00,47610564513
5/2/2015 0:00,47610564513
5/5/2015 0:00,47643398018
5/8/2015 0:00,47643398018
5/11/2015 0:00,47643398018
5/14/2015 0:00,47643398018
5/17/2015 0:00,48807487245
5/20/2015 0:00,48807487245
5/23/2015 0:00,48807487245
5/26/2015 0:00,48807487245
5/29/2015 0:00,48807487245
6/1/2015 0:00,48807487245
6/4/2015 0:00,47589591154
6/7/2015 0:00,47589591154
6/10/2015 0:00,47589591154
6/13/2015 0:00,47589591154
6/16/2015 0:00,49692386355
6/19/2015 0:00,49692386355
6/22/2015 0:00,49692386355
6/25/2015 0:00,49692386355
6/28/2015 0:00,49692386355
7/1/2015 0:00,49402014931
7/4/2015 0:00,49402014931
7/7/2015 0:00,49402014931
7/10/2015 0:00,49402014931
7/13/2015 0:00,51076366303
7/16/2015 0:00,51076366303
7/19/2015 0:00,51076366303
7/22/2015 0:00,51076366303
7/25/2015 0:00,52278304846
7/28/2015 0:00,52278304846
7/31/2015 0:00,52278304846
8/3/2015 0:00,52278304846
8/6/2015 0:00,52278304846
8/9/2015 0:00,52699842409
8/12/2015 0:00,52699842409
8/15/2015 0:00,52699842409
8/18/2015 0:00,52699842409
8/21/2015 0:00,52699842409
8/24/2015 0:00,54256630328
8/27/2015 0:00,54256630328
8/30/2015 0:00,54256630328
9/2/2015 0:00,54256630328
9/5/2015 0:00,56957648455
9/8/2015 0:00,56957648455
9/11/2015 0:00,56957648455
9/14/2015 0:00,56957648455
9/17/2015 0:00,56957648455
9/20/2015 0:00,59335351234
9/23/2015 0:00,59335351234
9/26/2015 0:00,59335351234
9/29/2015 0:00,59335351234
10/2/2015 0:00,60813224039
10/5/2015 0:00,60813224039
10/8/2015 0:00,60813224039
10/11/2015 0:00,60813224039
10/14/2015 0:00,60813224039
10/17/2015 0:00,60883825480
10/20/2015 0:00,60883825480
10/23/2015 0:00,60883825480
10/26/2015 0:00,60883825480
10/29/2015 0:00,62253982450
11/1/2015 0:00,62253982450
11/4/2015 0:00,62253982450
11/7/2015 0:00,62253982450
11/9/2015 23:00,62253982450
11/12/2015 23:00,65848255180
11/15/2015 23:00,65848255180
11/18/2015 23:00,65848255180
11/21/2015 23:00,65848255180
11/24/2015 23:00,72722780643
11/27/2015 23:00,72722780643
11/30/2015 23:00,72722780643
12/3/2015 23:00,72722780643
12/6/2015 23:00,79102380900
12/9/2015 23:00,79102380900
12/12/2015 23:00,79102380900
12/15/2015 23:00,79102380900
12/18/2015 23:00,93448670796
12/21/2015 23:00,93448670796
12/24/2015 23:00,93448670796
12/27/2015 23:00,93448670796
12/30/2015 23:00,1.0388E+11
1/2/2016 23:00,1.0388E+11
1/5/2016 23:00,1.0388E+11
1/8/2016 23:00,1.0388E+11
1/11/2016 23:00,1.0388E+11
1/14/2016 23:00,1.13354E+11
1/17/2016 23:00,1.13354E+11
1/20/2016 23:00,1.13354E+11
1/23/2016 23:00,1.13354E+11
1/26/2016 23:00,1.20033E+11
1/29/2016 23:00,1.20033E+11
2/1/2016 23:00,1.20033E+11
2/4/2016 23:00,1.20033E+11
2/7/2016 23:00,1.44116E+11
2/10/2016 23:00,1.44116E+11
2/13/2016 23:00,1.44116E+11
2/16/2016 23:00,1.44116E+11
2/19/2016 23:00,1.63492E+11
2/22/2016 23:00,1.63492E+11
2/25/2016 23:00,1.63492E+11
2/28/2016 23:00,1.63492E+11
3/2/2016 23:00,1.63492E+11
3/5/2016 23:00,1.58427E+11
3/8/2016 23:00,1.58427E+11
3/11/2016 23:00,1.58427E+11
3/14/2016 23:00,1.58427E+11
3/17/2016 23:00,1.65497E+11
3/20/2016 23:00,1.65497E+11
3/23/2016 23:00,1.65497E+11
3/26/2016 23:00,1.65497E+11
3/30/2016 0:00,1.65497E+11
4/2/2016 0:00,1.66852E+11
4/5/2016 0:00,1.66852E+11
4/8/2016 0:00,1.66852E+11
4/11/2016 0:00,1.66852E+11
4/14/2016 0:00,1.78678E+11
4/17/2016 0:00,1.78678E+11
4/20/2016 0:00,1.78678E+11
4/23/2016 0:00,1.78678E+11
4/26/2016 0:00,1.78678E+11
4/29/2016 0:00,1.78659E+11
5/2/2016 0:00,1.78659E+11
5/5/2016 0:00,1.78659E+11
5/8/2016 0:00,1.78659E+11
5/11/2016 0:00,1.90503E+11
5/14/2016 0:00,1.94255E+11
5/17/2016 0:00,1.94255E+11
5/20/2016 0:00,1.94255E+11
5/23/2016 0:00,1.94255E+11
5/26/2016 0:00,1.99312E+11
5/29/2016 0:00,1.99312E+11
6/1/2016 0:00,1.99312E+11
6/4/2016 0:00,1.99312E+11
6/7/2016 0:00,1.99312E+11
6/10/2016 0:00,1.96061E+11
6/13/2016 0:00,1.96061E+11
6/16/2016 0:00,1.96061E+11
6/19/2016 0:00,1.96061E+11
6/22/2016 0:00,2.09453E+11
6/25/2016 0:00,2.09453E+11
6/28/2016 0:00,2.09453E+11
7/1/2016 0:00,2.09453E+11
7/4/2016 0:00,2.09558E+11
7/7/2016 0:00,2.13399E+11
7/10/2016 0:00,2.13399E+11
7/13/2016 0:00,2.13399E+11
7/16/2016 0:00,2.13399E+11
7/19/2016 0:00,2.13493E+11
7/22/2016 0:00,2.13493E+11
7/25/2016 0:00,2.13493E+11
7/28/2016 0:00,2.13493E+11
7/31/2016 0:00,2.13493E+11
8/3/2016 0:00,2.01893E+11
8/6/2016 0:00,2.01893E+11
8/9/2016 0:00,2.01893E+11
8/12/2016 0:00,2.01893E+11
8/15/2016 0:00,2.03484E+11
8/18/2016 0:00,2.17375E+11
8/21/2016 0:00,2.17375E+11
8/24/2016 0:00,2.17375E+11
8/27/2016 0:00,2.17375E+11
8/30/2016 0:00,2.20756E+11
9/2/2016 0:00,2.20756E+11
9/5/2016 0:00,2.20756E+11
9/8/2016 0:00,2.20756E+11
9/11/2016 0:00,2.20756E+11
9/14/2016 0:00,2.25833E+11
9/17/2016 0:00,2.25833E+11
9/20/2016 0:00,2.25833E+11
9/23/2016 0:00,2.25833E+11
9/26/2016 0:00,2.41227E+11
9/29/2016 0:00,2.41227E+11
10/2/2016 0:00,2.41227E+11
10/5/2016 0:00,2.41227E+11
10/8/2016 0:00,2.5054E+11
10/11/2016 0:00,2.58523E+11
10/14/2016 0:00,2.58523E+11
10/17/2016 0:00,2.58523E+11
10/20/2016 0:00,2.58523E+11
10/23/2016 0:00,2.53618E+11
10/26/2016 0:00,2.53618E+11
10/29/2016 0:00,2.53618E+11
11/1/2016 0:00,2.53618E+11
11/4/2016 0:00,2.53618E+11
11/7/2016 0:00,2.5462E+11
11/10/2016 0:00,2.5462E+11
11/13/2016 0:00,2.5462E+11
11/16/2016 0:00,2.5462E+11
11/19/2016 0:00,2.81801E+11
11/22/2016 0:00,2.81801E+11
11/25/2016 0:00,2.81801E+11
11/28/2016 0:00,2.81801E+11
12/1/2016 0:00,2.81801E+11
12/4/2016 0:00,2.86766E+11
12/7/2016 0:00,2.86766E+11
12/10/2016 0:00,2.86766E+11
12/13/2016 0:00,2.86766E+11
12/16/2016 0:00,3.10154E+11
12/19/2016 0:00,3.10154E+11
12/22/2016 0:00,3.10154E+11
12/25/2016 0:00,3.10154E+11
12/28/2016 0:00,3.12083E+11
12/31/2016 0:00,3.17688E+11
1/3/2017 0:00,3.17688E+11
1/6/2017 0:00,3.17688E+11
1/9/2017 0:00,3.17688E+11
1/12/2017 0:00,3.369E+11
1/15/2017 0:00,3.369E+11
1/18/2017 0:00,3.369E+11
1/21/2017 0:00,3.369E+11
1/24/2017 0:00,3.92963E+11
1/27/2017 0:00,3.92963E+11
1/30/2017 0:00,3.92963E+11
2/2/2017 0:00,3.92963E+11
2/5/2017 0:00,4.22171E+11
2/8/2017 0:00,4.22171E+11
2/11/2017 0:00,4.22171E+11
2/14/2017 0:00,4.22171E+11
2/17/2017 0:00,4.22171E+11
2/20/2017 0:00,4.4078E+11
2/23/2017 0:00,4.4078E+11
2/26/2017 0:00,4.4078E+11
3/1/2017 0:00,4.4078E+11
3/4/2017 0:00,4.60769E+11
3/7/2017 0:00,4.60769E+11
3/10/2017 0:00,4.60769E+11
3/13/2017 0:00,4.60769E+11
3/16/2017 0:00,4.60769E+11
3/19/2017 0:00,4.75705E+11
3/22/2017 0:00,4.75705E+11
3/25/2017 0:00,4.75705E+11
3/28/2017 0:00,4.75705E+11
3/31/2017 0:00,4.99636E+11
4/3/2017 0:00,4.99636E+11
4/6/2017 0:00,4.99636E+11
4/9/2017 0:00,4.99636E+11
4/12/2017 0:00,4.99636E+11
4/15/2017 0:00,5.20809E+11
4/18/2017 0:00,5.20809E+11
4/21/2017 0:00,5.20809E+11
4/24/2017 0:00,5.20809E+11
4/27/2017 0:00,5.2184E+11
4/30/2017 0:00,5.21975E+11
5/3/2017 0:00,5.21975E+11
5/6/2017 0:00,5.21975E+11
5/9/2017 0:00,5.21975E+11
5/12/2017 0:00,5.59971E+11
5/15/2017 0:00,5.59971E+11
5/18/2017 0:00,5.59971E+11
5/21/2017 0:00,5.59971E+11
5/24/2017 0:00,5.95922E+11
5/27/2017 0:00,5.95922E+11
5/30/2017 0:00,5.95922E+11
6/2/2017 0:00,5.95922E+11
6/5/2017 0:00,6.7876E+11
6/8/2017 0:00,6.7876E+11
6/11/2017 0:00,6.7876E+11
6/14/2017 0:00,6.7876E+11
6/17/2017 0:00,6.79669E+11
6/20/2017 0:00,7.11697E+11
6/23/2017 0:00,7.11697E+11
6/26/2017 0:00,7.11697E+11
6/29/2017 0:00,7.11697E+11
7/2/2017 0:00,7.08708E+11
7/5/2017 0:00,7.08659E+11
7/8/2017 0:00,7.08659E+11
7/11/2017 0:00,7.08659E+11
7/14/2017 0:00,7.61765E+11
7/17/2017 0:00,8.04525E+11
7/20/2017 0:00,8.04525E+11
7/23/2017 0:00,8.04525E+11
7/26/2017 0:00,8.04525E+11
7/29/2017 0:00,8.60222E+11
8/1/2017 0:00,8.60222E+11
8/4/2017 0:00,8.60222E+11
8/7/2017 0:00,8.60222E+11
8/10/2017 0:00,9.23233E+11
8/13/2017 0:00,9.23233E+11
8/16/2017 0:00,9.23233E+11
8/19/2017 0:00,9.23233E+11
8/22/2017 0:00,9.23233E+11
8/25/2017 0:00,8.88172E+11
8/28/2017 0:00,8.88172E+11
8/31/2017 0:00,8.88172E+11
9/3/2017 0:00,8.88172E+11
9/6/2017 0:00,9.03315E+11
9/9/2017 0:00,9.22725E+11
9/12/2017 0:00,9.22725E+11
9/15/2017 0:00,9.22725E+11
9/18/2017 0:00,1.05219E+12
9/21/2017 0:00,1.1034E+12
9/24/2017 0:00,1.1034E+12
9/27/2017 0:00,1.1034E+12
9/30/2017 0:00,1.1034E+12
10/3/2017 0:00,1.12386E+12
10/6/2017 0:00,1.12386E+12
10/9/2017 0:00,1.12386E+12
10/12/2017 0:00,1.12386E+12
10/15/2017 0:00,1.18295E+12
10/18/2017 0:00,1.19679E+12
10/21/2017 0:00,1.19679E+12
10/24/2017 0:00,1.19679E+12
10/27/2017 0:00,1.45284E+12
10/30/2017 0:00,1.45284E+12
11/2/2017 0:00,1.45284E+12
11/5/2017 0:00,1.45284E+12
11/8/2017 0:00,1.45284E+12
11/11/2017 0:00,1.36442E+12
11/14/2017 0:00,1.36442E+12
11/17/2017 0:00,1.36442E+12
11/20/2017 0:00,1.36442E+12
11/23/2017 0:00,1.36442E+12
11/26/2017 0:00,1.347E+12
11/29/2017 0:00,1.347E+12
12/2/2017 0:00,1.347E+12
12/5/2017 0:00,1.347E+12
12/8/2017 0:00,1.5909E+12
12/11/2017 0:00,1.5909E+12
12/14/2017 0:00,1.5909E+12
12/17/2017 0:00,1.5909E+12
12/20/2017 0:00,1.87311E+12
12/23/2017 0:00,1.87311E+12
12/26/2017 0:00,1.87311E+12
12/29/2017 0:00,1.87311E+12
1/1/2018 0:00,1.92258E+12
1/4/2018 0:00,1.93114E+12
1/7/2018 0:00,1.93114E+12
1/10/2018 0:00,1.93114E+12
1/13/2018 0:00,2.13425E+12
1/16/2018 0:00,2.22785E+12
1/19/2018 0:00,2.22785E+12
1/22/2018 0:00,2.22785E+12
1/25/2018 0:00,2.46059E+12
1/28/2018 0:00,2.60308E+12
1/31/2018 0:00,2.60308E+12
2/3/2018 0:00,2.60308E+12
2/6/2018 0:00,2.60787E+12
2/9/2018 0:00,2.87467E+12
2/12/2018 0:00,2.87467E+12
2/15/2018 0:00,2.87467E+12
2/18/2018 0:00,2.87467E+12
2/21/2018 0:00,3.00738E+12
2/24/2018 0:00,3.00738E+12
2/27/2018 0:00,3.00738E+12
3/2/2018 0:00,3.00738E+12
3/5/2018 0:00,3.23358E+12
3/8/2018 0:00,3.29061E+12
3/11/2018 0:00,3.29061E+12
3/14/2018 0:00,3.29061E+12
3/17/2018 0:00,3.29061E+12
3/20/2018 0:00,3.46254E+12
3/23/2018 0:00,3.46254E+12
3/26/2018 0:00,3.46254E+12
3/29/2018 0:00,3.46254E+12
4/1/2018 0:00,3.49429E+12
4/4/2018 0:00,3.51106E+12
4/7/2018 0:00,3.51106E+12
4/10/2018 0:00,3.51106E+12
4/13/2018 0:00,3.51106E+12
4/16/2018 0:00,3.83932E+12
4/19/2018 0:00,3.83932E+12
4/22/2018 0:00,3.83932E+12
4/25/2018 0:00,3.83932E+12
4/28/2018 0:00,4.02206E+12
5/1/2018 0:00,4.02206E+12
5/4/2018 0:00,4.02206E+12
5/7/2018 0:00,4.02206E+12
5/10/2018 0:00,4.02206E+12
5/13/2018 0:00,4.14388E+12
5/16/2018 0:00,4.14388E+12
5/19/2018 0:00,4.14388E+12
5/22/2018 0:00,4.14388E+12
5/25/2018 0:00,4.30695E+12
5/28/2018 0:00,4.30695E+12
5/31/2018 0:00,4.30695E+12
6/3/2018 0:00,4.30695E+12
6/6/2018 0:00,4.9407E+12
6/9/2018 0:00,4.9407E+12
6/12/2018 0:00,4.9407E+12
6/15/2018 0:00,4.9407E+12
6/18/2018 0:00,4.9407E+12
6/21/2018 0:00,5.0775E+12
6/24/2018 0:00,5.0775E+12
6/27/2018 0:00,5.0775E+12
6/30/2018 0:00,5.0775E+12
7/3/2018 0:00,5.36368E+12
7/6/2018 0:00,5.36368E+12
7/9/2018 0:00,5.36368E+12
7/12/2018 0:00,5.36368E+12
7/15/2018 0:00,5.36368E+12
7/18/2018 0:00,5.17867E+12
7/21/2018 0:00,5.17867E+12
7/24/2018 0:00,5.17867E+12
7/27/2018 0:00,5.17867E+12
7/30/2018 0:00,5.94944E+12
8/2/2018 0:00,5.94944E+12
8/5/2018 0:00,5.94944E+12
8/8/2018 0:00,5.94944E+12
8/11/2018 0:00,6.19784E+12
8/14/2018 0:00,6.38932E+12
8/17/2018 0:00,6.38932E+12
8/20/2018 0:00,6.38932E+12
8/23/2018 0:00,6.38932E+12
8/26/2018 0:00,6.72723E+12
8/29/2018 0:00,6.72723E+12
9/1/2018 0:00,6.72723E+12
9/4/2018 0:00,6.72723E+12
9/7/2018 0:00,6.97118E+12
9/10/2018 0:00,7.0192E+12
9/13/2018 0:00,7.0192E+12
9/16/2018 0:00,7.0192E+12
9/19/2018 0:00,7.0192E+12
9/22/2018 0:00,7.15263E+12
9/25/2018 0:00,7.15263E+12
9/28/2018 0:00,7.15263E+12
10/1/2018 0:00,7.15263E+12
10/4/2018 0:00,7.36427E+12
10/7/2018 0:00,7.45497E+12
10/10/2018 0:00,7.45497E+12
10/13/2018 0:00,7.45497E+12
10/16/2018 0:00,7.45497E+12
10/19/2018 0:00,7.18285E+12
10/22/2018 0:00,7.18285E+12
10/25/2018 0:00,7.18285E+12
10/28/2018 0:00,7.18285E+12
10/31/2018 0:00,7.18285E+12
11/3/2018 0:00,7.1844E+12
11/6/2018 0:00,7.1844E+12
11/9/2018 0:00,7.1844E+12
11/12/2018 0:00,7.1844E+12
11/15/2018 0:00,7.1844E+12
11/18/2018 0:00,6.6533E+12
11/21/2018 0:00,6.6533E+12
11/24/2018 0:00,6.6533E+12
11/27/2018 0:00,6.6533E+12
11/30/2018 0:00,6.6533E+12
12/3/2018 0:00,6.19402E+12
12/6/2018 0:00,5.6464E+12
12/9/2018 0:00,5.6464E+12
12/12/2018 0:00,5.6464E+12
12/15/2018 0:00,5.6464E+12
12/18/2018 0:00,5.62109E+12
12/21/2018 0:00,5.10642E+12
12/24/2018 0:00,5.10642E+12
12/27/2018 0:00,5.10642E+12
12/30/2018 0:00,5.10642E+12
1/2/2019 0:00,5.6186E+12
1/5/2019 0:00,5.6186E+12
1/8/2019 0:00,5.6186E+12
1/11/2019 0:00,5.6186E+12
1/14/2019 0:00,5.86261E+12
1/17/2019 0:00,5.88399E+12
1/20/2019 0:00,5.88399E+12
1/23/2019 0:00,5.88399E+12
1/26/2019 0:00,5.88399E+12
1/29/2019 0:00,5.81466E+12
2/1/2019 0:00,5.81466E+12
2/4/2019 0:00,5.81466E+12
2/7/2019 0:00,5.81466E+12
2/10/2019 0:00,5.89401E+12
2/13/2019 0:00,6.06152E+12
2/16/2019 0:00,6.06152E+12
2/19/2019 0:00,6.06152E+12
2/22/2019 0:00,6.06152E+12
2/25/2019 0:00,6.07185E+12
2/28/2019 0:00,6.07185E+12
3/3/2019 0:00,6.07185E+12
3/6/2019 0:00,6.07185E+12
3/9/2019 0:00,6.07185E+12
3/12/2019 0:00,6.06889E+12
3/15/2019 0:00,6.06889E+12
3/18/2019 0:00,6.06889E+12
3/21/2019 0:00,6.06889E+12
3/24/2019 0:00,6.36892E+12
3/27/2019 0:00,6.37927E+12
3/30/2019 0:00,6.37927E+12
4/2/2019 0:00,6.37927E+12
4/5/2019 0:00,6.37927E+12
4/8/2019 0:00,6.39302E+12
4/11/2019 0:00,6.39302E+12
4/14/2019 0:00,6.39302E+12
4/17/2019 0:00,6.39302E+12
4/20/2019 0:00,6.39302E+12
4/23/2019 0:00,6.35303E+12
4/26/2019 0:00,6.35303E+12
4/29/2019 0:00,6.35303E+12
5/2/2019 0:00,6.35303E+12
5/5/2019 0:00,6.70217E+12
5/8/2019 0:00,6.70217E+12
5/11/2019 0:00,6.70217E+12
5/14/2019 0:00,6.70217E+12
5/17/2019 0:00,6.70217E+12
5/20/2019 0:00,6.70463E+12
5/23/2019 0:00,6.70463E+12
5/26/2019 0:00,6.70463E+12
5/29/2019 0:00,6.70463E+12
6/1/2019 0:00,7.45968E+12
6/4/2019 0:00,7.45968E+12
6/7/2019 0:00,7.45968E+12
6/10/2019 0:00,7.45968E+12
6/13/2019 0:00,7.45968E+12
6/16/2019 0:00,7.4094E+12
6/19/2019 0:00,7.4094E+12
6/22/2019 0:00,7.4094E+12
6/25/2019 0:00,7.4094E+12
6/28/2019 0:00,7.93471E+12
7/1/2019 0:00,7.93471E+12
7/4/2019 0:00,7.93471E+12
7/7/2019 0:00,7.93471E+12
7/10/2019 0:00,9.06416E+12
7/13/2019 0:00,9.06416E+12
7/16/2019 0:00,9.06416E+12
7/19/2019 0:00,9.06416E+12
7/22/2019 0:00,9.06416E+12
7/25/2019 0:00,9.01379E+12
7/28/2019 0:00,9.01379E+12
7/31/2019 0:00,9.01379E+12
8/3/2019 0:00,9.01379E+12
8/6/2019 0:00,9.98535E+12
8/9/2019 0:00,9.98535E+12
8/12/2019 0:00,9.98535E+12
8/15/2019 0:00,9.98535E+12
8/18/2019 0:00,1.00168E+13
8/21/2019 0:00,1.01835E+13
8/24/2019 0:00,1.01835E+13
8/27/2019 0:00,1.01835E+13
8/30/2019 0:00,1.01835E+13
9/2/2019 0:00,1.0772E+13
9/5/2019 0:00,1.0772E+13
9/8/2019 0:00,1.0772E+13
9/11/2019 0:00,1.0772E+13
9/14/2019 0:00,1.18906E+13
9/17/2019 0:00,1.18906E+13
9/20/2019 0:00,1.18906E+13
9/23/2019 0:00,1.18906E+13
9/26/2019 0:00,1.20177E+13
9/29/2019 0:00,1.27598E+13
10/2/2019 0:00,1.27598E+13
10/5/2019 0:00,1.27598E+13
10/8/2019 0:00,1.27598E+13
10/11/2019 0:00,1.30081E+13
10/14/2019 0:00,1.30081E+13
10/17/2019 0:00,1.30081E+13
10/20/2019 0:00,1.30081E+13
10/23/2019 0:00,1.30691E+13
10/26/2019 0:00,1.36915E+13
10/29/2019 0:00,1.36915E+13
11/1/2019 0:00,1.36915E+13
11/4/2019 0:00,1.36915E+13
11/7/2019 0:00,1.36699E+13
11/10/2019 0:00,1.272E+13
11/13/2019 0:00,1.272E+13
11/16/2019 0:00,1.272E+13
11/19/2019 0:00,1.272E+13
11/22/2019 0:00,1.29732E+13
11/25/2019 0:00,1.29732E+13
11/28/2019 0:00,1.29732E+13
12/1/2019 0:00,1.29732E+13
12/4/2019 0:00,1.29732E+13
12/7/2019 0:00,1.28768E+13
12/10/2019 0:00,1.28768E+13
12/13/2019 0:00,1.28768E+13
12/16/2019 0:00,1.28768E+13
12/19/2019 0:00,1.28928E+13
12/22/2019 0:00,1.29486E+13
12/25/2019 0:00,1.29486E+13
12/28/2019 0:00,1.29486E+13
12/31/2019 0:00,1.29486E+13
1/3/2020 0:00,1.37988E+13
1/6/2020 0:00,1.37988E+13
1/9/2020 0:00,1.37988E+13
1/12/2020 0:00,1.37988E+13
1/15/2020 0:00,1.47764E+13
1/18/2020 0:00,1.47764E+13
1/21/2020 0:00,1.47764E+13
1/24/2020 0:00,1.47764E+13
1/27/2020 0:00,1.47764E+13
1/30/2020 0:00,1.54661E+13
2/2/2020 0:00,1.54661E+13
2/5/2020 0:00,1.54661E+13
2/8/2020 0:00,1.54661E+13
2/11/2020 0:00,1.55211E+13
2/14/2020 0:00,1.55467E+13
2/17/2020 0:00,1.55467E+13
2/20/2020 0:00,1.55467E+13
2/23/2020 0:00,1.55467E+13
2/26/2020 0:00,1.54869E+13
2/29/2020 0:00,1.54869E+13
3/3/2020 0:00,1.54869E+13
3/6/2020 0:00,1.54869E+13
3/9/2020 0:00,1.60768E+13
3/12/2020 0:00,1.65529E+13
3/15/2020 0:00,1.65529E+13
3/18/2020 0:00,1.65529E+13
3/21/2020 0:00,1.65529E+13
3/24/2020 0:00,1.65529E+13
3/27/2020 0:00,1.39125E+13
3/30/2020 0:00,1.39125E+13
4/2/2020 0:00,1.39125E+13
4/5/2020 0:00,1.39125E+13
4/8/2020 0:00,1.43975E+13
4/11/2020 0:00,1.47152E+13
4/14/2020 0:00,1.47152E+13
4/17/2020 0:00,1.47152E+13
4/20/2020 0:00,1.47152E+13
4/23/2020 0:00,1.59587E+13
4/26/2020 0:00,1.59587E+13
4/29/2020 0:00,1.59587E+13
5/2/2020 0:00,1.59587E+13
5/5/2020 0:00,1.60798E+13
5/8/2020 0:00,1.61048E+13
5/11/2020 0:00,1.61048E+13
5/14/2020 0:00,1.61048E+13
5/17/2020 0:00,1.61048E+13
5/20/2020 0:00,1.52137E+13
5/23/2020 0:00,1.5138E+13
5/26/2020 0:00,1.5138E+13
5/29/2020 0:00,1.5138E+13
6/1/2020 0:00,1.5138E+13
6/4/2020 0:00,1.44771E+13
6/7/2020 0:00,1.37324E+13
6/10/2020 0:00,1.37324E+13
6/13/2020 0:00,1.37324E+13
6/16/2020 0:00,1.4266E+13
6/19/2020 0:00,1.57847E+13
6/22/2020 0:00,1.57847E+13
6/25/2020 0:00,1.57847E+13
6/28/2020 0:00,1.57847E+13
7/1/2020 0:00,1.57842E+13
7/4/2020 0:00,1.57842E+13
7/7/2020 0:00,1.57842E+13
7/10/2020 0:00,1.57842E+13
7/13/2020 0:00,1.65704E+13
7/16/2020 0:00,1.73459E+13
7/19/2020 0:00,1.73459E+13
7/22/2020 0:00,1.73459E+13
7/25/2020 0:00,1.73459E+13
7/28/2020 0:00,1.68476E+13
7/31/2020 0:00,1.68476E+13
8/3/2020 0:00,1.68476E+13
8/6/2020 0:00,1.68476E+13
8/9/2020 0:00,1.68476E+13
8/12/2020 0:00,1.69478E+13
8/15/2020 0:00,1.69478E+13
8/18/2020 0:00,1.69478E+13
8/21/2020 0:00,1.69478E+13
8/24/2020 0:00,1.73409E+13
8/27/2020 0:00,1.7558E+13
8/30/2020 0:00,1.7558E+13
9/2/2020 0:00,1.7558E+13
9/5/2020 0:00,1.7558E+13
9/8/2020 0:00,1.7346E+13
9/11/2020 0:00,1.7346E+13
9/14/2020 0:00,1.7346E+13
9/17/2020 0:00,1.7346E+13
9/20/2020 0:00,1.91483E+13
9/23/2020 0:00,1.93147E+13
9/26/2020 0:00,1.93147E+13
9/29/2020 0:00,1.93147E+13
10/2/2020 0:00,1.93147E+13
10/5/2020 0:00,1.92981E+13
10/8/2020 0:00,1.92981E+13
10/11/2020 0:00,1.92981E+13
10/14/2020 0:00,1.92981E+13
10/17/2020 0:00,1.95297E+13
10/20/2020 0:00,1.99973E+13
10/23/2020 0:00,1.99973E+13
10/26/2020 0:00,1.99973E+13
10/29/2020 0:00,1.99973E+13
11/1/2020 0:00,1.99973E+13
11/4/2020 0:00,1.67878E+13
11/7/2020 0:00,1.67878E+13
11/10/2020 0:00,1.67878E+13
11/13/2020 0:00,1.67878E+13
11/16/2020 0:00,1.70406E+13
11/19/2020 0:00,1.75968E+13
11/22/2020 0:00,1.75968E+13
11/25/2020 0:00,1.75968E+13
11/28/2020 0:00,1.75968E+13
12/1/2020 0:00,1.91572E+13
12/4/2020 0:00,1.91572E+13
12/7/2020 0:00,1.91572E+13
12/10/2020 0:00,1.91572E+13
12/13/2020 0:00,1.91447E+13
12/16/2020 0:00,1.86702E+13
12/19/2020 0:00,1.86702E+13
12/22/2020 0:00,1.86702E+13
12/25/2020 0:00,1.86702E+13
12/28/2020 0:00,1.86E+13
12/31/2020 0:00,1.85996E+13
1/3/2021 0:00,1.85996E+13
1/6/2021 0:00,1.85996E+13
1/9/2021 0:00,1.93652E+13
1/12/2021 0:00,2.06074E+13
1/15/2021 0:00,2.06074E+13
1/18/2021 0:00,2.06074E+13
1/21/2021 0:00,2.06074E+13
1/24/2021 0:00,2.08235E+13
1/27/2021 0:00,2.08235E+13
1/30/2021 0:00,2.08235E+13
2/2/2021 0:00,2.08235E+13
2/5/2021 0:00,2.08235E+13
2/8/2021 0:00,2.14344E+13
2/11/2021 0:00,2.14344E+13
2/14/2021 0:00,2.14344E+13
2/17/2021 0:00,2.14344E+13
2/20/2021 0:00,2.17241E+13
2/23/2021 0:00,2.17241E+13
2/26/2021 0:00,2.17241E+13
3/1/2021 0:00,2.17241E+13
3/4/2021 0:00,2.17241E+13
3/7/2021 0:00,2.14483E+13
3/10/2021 0:00,2.14483E+13
3/13/2021 0:00,2.14483E+13
3/16/2021 0:00,2.14483E+13
3/19/2021 0:00,2.15244E+13
3/22/2021 0:00,2.18656E+13
3/25/2021 0:00,2.18656E+13
3/28/2021 0:00,2.18656E+13
3/31/2021 0:00,2.18656E+13
4/3/2021 0:00,2.31374E+13
4/6/2021 0:00,2.31374E+13
4/9/2021 0:00,2.31374E+13
4/12/2021 0:00,2.31374E+13
4/15/2021 0:00,2.32176E+13
4/18/2021 0:00,2.3582E+13
4/21/2021 0:00,2.3582E+13
4/24/2021 0:00,2.3582E+13
4/27/2021 0:00,2.3582E+13
4/30/2021 0:00,2.3582E+13
5/3/2021 0:00,2.06088E+13
5/6/2021 0:00,2.06088E+13
5/9/2021 0:00,2.06088E+13
5/12/2021 0:00,2.06088E+13
5/15/2021 0:00,2.50465E+13
5/18/2021 0:00,2.50465E+13
5/21/2021 0:00,2.50465E+13
5/24/2021 0:00,2.50465E+13
5/27/2021 0:00,2.50465E+13
5/30/2021 0:00,2.12143E+13
6/2/2021 0:00,2.10477E+13
6/5/2021 0:00,2.10477E+13
6/8/2021 0:00,2.10477E+13
6/11/2021 0:00,2.10477E+13
6/14/2021 0:00,1.99328E+13
6/17/2021 0:00,1.99328E+13
6/20/2021 0:00,1.99328E+13
6/23/2021 0:00,1.99328E+13
6/26/2021 0:00,1.99328E+13
6/29/2021 0:00,1.99328E+13
7/2/2021 0:00,1.99328E+13
7/5/2021 0:00,1.4363E+13
7/8/2021 0:00,1.4363E+13
7/11/2021 0:00,1.4363E+13
7/14/2021 0:00,1.4363E+13
7/17/2021 0:00,1.43485E+13
7/20/2021 0:00,1.36726E+13
7/23/2021 0:00,1.36726E+13
7/26/2021 0:00,1.36726E+13
7/29/2021 0:00,1.36726E+13
8/1/2021 0:00,1.44964E+13
8/4/2021 0:00,1.44964E+13
8/7/2021 0:00,1.44964E+13
8/10/2021 0:00,1.44964E+13
8/13/2021 0:00,1.53248E+13
8/16/2021 0:00,1.55561E+13
8/19/2021 0:00,1.55561E+13
8/22/2021 0:00,1.55561E+13
8/25/2021 0:00,1.64311E+13
8/28/2021 0:00,1.7615E+13
8/31/2021 0:00,1.7615E+13
9/3/2021 0:00,1.7615E+13
9/6/2021 0:00,1.7615E+13
9/9/2021 0:00,1.84152E+13
9/12/2021 0:00,1.84152E+13
9/15/2021 0:00,1.84152E+13
9/18/2021 0:00,1.84152E+13
9/21/2021 0:00,1.8633E+13
9/24/2021 0:00,1.89976E+13
9/27/2021 0:00,1.89976E+13
9/30/2021 0:00,1.89976E+13
10/3/2021 0:00,1.89976E+13
10/6/2021 0:00,1.9893E+13
10/9/2021 0:00,1.9893E+13
10/12/2021 0:00,1.9893E+13
10/15/2021 0:00,1.9893E+13
10/18/2021 0:00,1.99174E+13
10/21/2021 0:00,2.00825E+13
10/24/2021 0:00,2.00825E+13
10/27/2021 0:00,2.00825E+13
10/30/2021 0:00,2.00825E+13
11/2/2021 0:00,2.16593E+13
11/5/2021 0:00,2.16593E+13
11/8/2021 0:00,2.16593E+13
11/11/2021 0:00,2.16593E+13
11/14/2021 0:00,2.2435E+13
11/17/2021 0:00,2.26741E+13
11/20/2021 0:00,2.26741E+13
11/23/2021 0:00,2.26741E+13
11/26/2021 0:00,2.26741E+13
11/29/2021 0:00,2.23357E+13
12/2/2021 0:00,2.23357E+13
12/5/2021 0:00,2.23357E+13
12/8/2021 0:00,2.23357E+13
12/11/2021 0:00,2.34687E+13
12/14/2021 0:00,2.41953E+13
12/17/2021 0:00,2.41953E+13
12/20/2021 0:00,2.41953E+13
12/23/2021 0:00,2.41953E+13
12/26/2021 0:00,2.42723E+13
12/29/2021 0:00,2.42723E+13
1/1/2022 0:00,2.42723E+13
1/4/2022 0:00,2.42723E+13
1/7/2022 0:00,2.42723E+13
1/10/2022 0:00,2.43719E+13
1/13/2022 0:00,2.43719E+13
1/16/2022 0:00,2.43719E+13
1/19/2022 0:00,2.43719E+13
1/22/2022 0:00,2.66432E+13
1/25/2022 0:00,2.66432E+13
1/28/2022 0:00,2.66432E+13
1/31/2022 0:00,2.66432E+13
2/3/2022 0:00,2.66432E+13
2/6/2022 0:00,2.66905E+13
2/9/2022 0:00,2.66905E+13
2/12/2022 0:00,2.66905E+13
2/15/2022 0:00,2.66905E+13
2/18/2022 0:00,2.79672E+13
2/21/2022 0:00,2.79672E+13
2/24/2022 0:00,2.79672E+13
2/27/2022 0:00,2.79672E+13
3/2/2022 0:00,2.79672E+13
3/5/2022 0:00,2.75503E+13
3/8/2022 0:00,2.75503E+13
3/11/2022 0:00,2.75503E+13
3/14/2022 0:00,2.75503E+13
3/17/2022 0:00,2.75209E+13
3/20/2022 0:00,2.74527E+13
3/23/2022 0:00,2.74527E+13
3/26/2022 0:00,2.74527E+13
3/29/2022 0:00,2.74527E+13
,
,
,
,
,
,
,
,
,
,
,
,
,
,
,
,
,
,
,
,
,
,
