Timestamp,total-bitcoins
1/3/2009 17:15,50
1/14/2009 17:09,24100
1/18/2009 22:30,48150
1/23/2009 19:41,72200
1/26/2009 14:55,96250
1/30/2009 23:01,120350
2/3/2009 16:53,144450
2/7/2009 13:15,168500
2/11/2009 5:36,192550
2/15/2009 2:06,216650
2/19/2009 0:45,240700
2/23/2009 1:50,264750
2/27/2009 12:28,288800
3/4/2009 2:30,312850
3/8/2009 11:18,337250
3/12/2009 20:53,361750
3/17/2009 0:26,385950
3/21/2009 2:40,410100
3/25/2009 20:35,434450
3/30/2009 2:30,458600
4/3/2009 17:35,485250
4/8/2009 0:04,509400
4/12/2009 10:57,533600
4/16/2009 12:58,557850
4/20/2009 14:18,581950
4/25/2009 0:22,606200
4/29/2009 9:12,630700
5/3/2009 6:42,655000
5/7/2009 4:38,680350
5/12/2009 0:17,704900
5/15/2009 18:45,729400
5/20/2009 5:54,754450
5/26/2009 5:33,779600
5/30/2009 18:40,804600
6/6/2009 12:32,828750
6/13/2009 8:33,853250
6/19/2009 13:00,877700
6/25/2009 23:19,903050
7/2/2009 9:53,928000
7/8/2009 8:43,952150
7/14/2009 19:19,977250
7/23/2009 16:06,1002700
8/5/2009 7:21,1027400
8/11/2009 7:41,1052650
8/26/2009 11:13,1077300
9/2/2009 12:04,1102700
9/9/2009 21:37,1127400
9/17/2009 8:47,1152700
9/24/2009 19:28,1177150
9/30/2009 11:58,1202500
10/8/2009 15:48,1228250
10/16/2009 0:00,1253900
10/22/2009 2:57,1278500
10/28/2009 17:25,1302850
11/7/2009 3:01,1326950
11/13/2009 22:15,1351000
11/19/2009 11:13,1375050
11/24/2009 21:03,1399250
12/1/2009 9:07,1423350
12/7/2009 13:14,1447700
12/11/2009 23:26,1471750
12/16/2009 9:50,1495800
12/18/2009 23:33,1520000
12/21/2009 13:35,1544150
12/24/2009 16:14,1568250
12/27/2009 15:47,1592350
12/30/2009 21:58,1617150
1/3/2010 17:57,1644500
1/6/2010 7:38,1668650
1/9/2010 11:06,1692800
1/12/2010 8:24,1717050
1/15/2010 12:20,1741250
1/19/2010 6:49,1765300
1/22/2010 10:10,1789500
1/25/2010 10:44,1813600
1/28/2010 0:17,1837850
1/30/2010 14:58,1862000
2/2/2010 8:50,1886300
2/4/2010 14:30,1910800
2/6/2010 18:30,1935000
2/9/2010 2:00,1959250
2/11/2010 20:05,1983550
2/14/2010 2:54,2007750
2/16/2010 17:57,2032050
2/18/2010 21:32,2056400
2/21/2010 5:21,2080850
2/23/2010 7:47,2105050
2/25/2010 22:33,2129650
2/28/2010 20:29,2153950
3/3/2010 12:15,2178150
3/6/2010 7:30,2202450
3/9/2010 7:38,2226800
3/12/2010 20:50,2250850
3/16/2010 10:39,2275200
3/19/2010 21:48,2299500
3/22/2010 14:24,2323850
3/25/2010 2:01,2348050
3/27/2010 17:59,2372200
3/30/2010 8:29,2397550
4/2/2010 2:27,2423850
4/5/2010 0:59,2448050
4/7/2010 23:17,2472450
4/10/2010 8:42,2496850
4/12/2010 11:53,2521450
4/15/2010 2:53,2545750
4/17/2010 10:24,2570100
4/19/2010 13:21,2594800
4/21/2010 19:53,2619550
4/24/2010 20:54,2643850
4/27/2010 19:10,2668250
4/30/2010 20:48,2692800
5/3/2010 20:45,2717400
5/7/2010 6:57,2741950
5/10/2010 19:32,2766550
5/14/2010 20:11,2790950
5/18/2010 17:03,2815800
5/21/2010 13:34,2840600
5/24/2010 0:29,2865550
5/26/2010 10:05,2890150
5/28/2010 20:03,2915050
5/31/2010 18:42,2939550
6/4/2010 8:27,2964100
6/7/2010 16:51,2988800
6/10/2010 17:18,3013650
6/13/2010 20:56,3038300
6/16/2010 21:58,3063100
6/20/2010 4:20,3087450
6/23/2010 5:39,3112700
6/26/2010 3:40,3137400
6/29/2010 4:55,3162250
7/1/2010 20:30,3187200
7/4/2010 11:54,3211950
7/7/2010 10:50,3236700
7/10/2010 6:35,3261200
7/12/2010 10:56,3288200
7/13/2010 3:13,3316050
7/13/2010 22:33,3342950
7/14/2010 19:40,3368050
7/15/2010 15:19,3394600
7/16/2010 11:10,3419500
7/18/2010 13:39,3444100
7/21/2010 7:04,3468600
7/23/2010 21:19,3493500
7/26/2010 5:56,3518100
7/28/2010 21:46,3543050
7/31/2010 14:12,3567450
8/2/2010 15:58,3591700
8/4/2010 18:23,3615950
8/7/2010 7:07,3640300
8/9/2010 23:27,3664750
8/12/2010 7:00,3689100
8/14/2010 10:05,3713250
8/16/2010 17:25,3737450
8/20/2010 6:59,3761650
8/22/2010 18:38,3785750
8/25/2010 0:45,3809900
8/27/2010 10:57,3834600
8/30/2010 9:54,3858750
9/2/2010 7:39,3883000
9/5/2010 4:15,3907250
9/8/2010 6:53,3931650
9/11/2010 6:29,3955950
9/14/2010 2:49,3980150
9/16/2010 15:27,4004200
9/18/2010 19:00,4028550
9/21/2010 3:05,4052800
9/23/2010 17:33,4076900
9/25/2010 21:23,4101050
9/28/2010 4:28,4125600
9/30/2010 23:46,4149750
10/4/2010 15:53,4174050
10/7/2010 19:44,4198200
10/10/2010 19:48,4222350
10/13/2010 19:51,4246700
10/16/2010 7:29,4270950
10/18/2010 2:52,4295350
10/20/2010 2:22,4319800
10/22/2010 9:44,4344300
10/25/2010 2:03,4369000
10/27/2010 6:01,4393300
10/29/2010 11:36,4417650
10/31/2010 16:10,4442150
11/3/2010 8:35,4466350
11/5/2010 18:14,4490800
11/7/2010 21:37,4515100
11/9/2010 19:56,4539300
11/12/2010 4:37,4563400
11/14/2010 11:32,4588100
11/16/2010 20:37,4612550
11/18/2010 18:31,4637300
11/22/2010 5:28,4661600
11/25/2010 9:00,4685950
11/27/2010 21:06,4710350
11/30/2010 9:48,4734850
12/2/2010 23:38,4759200
12/5/2010 6:31,4783700
12/7/2010 9:52,4808250
12/9/2010 8:27,4832550
12/12/2010 4:42,4857050
12/15/2010 4:28,4881450
12/17/2010 23:43,4906300
12/20/2010 22:35,4930850
12/23/2010 21:29,4955550
12/27/2010 1:16,4979650
12/29/2010 23:48,5004150
1/1/2011 20:40,5028450
1/4/2011 21:52,5052700
1/8/2011 1:03,5077000
1/10/2011 23:34,5101200
1/13/2011 18:58,5125700
1/16/2011 14:19,5149950
1/19/2011 13:46,5174250
1/22/2011 9:51,5198900
1/25/2011 5:01,5223050
1/28/2011 0:46,5247250
1/31/2011 3:51,5271450
2/3/2011 2:06,5295900
2/5/2011 19:58,5320150
2/8/2011 9:50,5344400
2/11/2011 1:45,5368600
2/13/2011 13:09,5392700
2/15/2011 21:02,5416900
2/17/2011 23:45,5441250
2/20/2011 13:41,5465450
2/22/2011 23:13,5489800
2/25/2011 3:12,5513950
2/26/2011 23:55,5538000
3/1/2011 18:10,5562150
3/4/2011 9:44,5586350
3/6/2011 6:23,5610500
3/8/2011 10:07,5634650
3/11/2011 19:35,5658950
3/15/2011 21:41,5683200
3/19/2011 15:10,5707350
3/23/2011 5:40,5731600
3/26/2011 8:05,5755950
3/29/2011 12:01,5780250
4/1/2011 7:27,5804700
4/4/2011 1:21,5829200
4/6/2011 22:49,5854200
4/10/2011 1:46,5878350
4/12/2011 23:12,5902650
4/15/2011 21:51,5926850
4/18/2011 19:47,5951100
4/22/2011 1:00,5975150
4/24/2011 21:25,5999300
4/27/2011 8:32,6023400
4/30/2011 1:09,6047450
5/2/2011 14:43,6071650
5/5/2011 2:19,6095800
5/7/2011 7:05,6120050
5/9/2011 11:53,6144200
5/11/2011 23:01,6168600
5/14/2011 9:32,6192700
5/16/2011 11:36,6216800
5/18/2011 8:00,6240900
5/20/2011 12:58,6265050
5/22/2011 14:05,6289250
5/24/2011 9:19,6313500
5/25/2011 22:56,6337600
5/28/2011 0:53,6361650
5/30/2011 23:42,6385800
6/2/2011 19:12,6410000
6/5/2011 1:35,6434100
6/7/2011 8:54,6458250
6/9/2011 19:10,6482350
6/11/2011 21:04,6506400
6/13/2011 22:27,6530550
6/15/2011 19:01,6554650
6/18/2011 7:13,6578700
6/20/2011 11:28,6602750
6/22/2011 10:39,6627000
6/24/2011 8:41,6651150
6/27/2011 10:12,6675200
6/30/2011 7:47,6699250
7/3/2011 0:24,6723400
7/6/2011 1:04,6747450
7/9/2011 6:48,6771500
7/12/2011 12:50,6795550
7/15/2011 12:24,6819650
7/18/2011 12:12,6843800
7/21/2011 16:00,6867900
7/24/2011 17:29,6891950
7/27/2011 13:09,6916100
7/30/2011 15:13,6940350
8/2/2011 13:10,6964650
8/5/2011 23:26,6989050
8/9/2011 19:16,7013600
8/13/2011 5:45,7038500
8/16/2011 23:06,7063050
8/20/2011 11:31,7087750
8/23/2011 12:55,7112900
8/27/2011 3:59,7137400
8/30/2011 19:17,7161600
9/3/2011 4:49,7186100
9/6/2011 12:53,7210450
9/10/2011 1:25,7235450
9/13/2011 19:07,7260150
9/17/2011 10:35,7285150
9/20/2011 21:37,7309600
9/24/2011 7:48,7334000
9/28/2011 0:45,7358700
10/1/2011 16:57,7383050
10/5/2011 12:29,7407800
10/9/2011 7:52,7432700
10/13/2011 17:16,7457150
10/17/2011 13:27,7481700
10/21/2011 11:39,7506300
10/25/2011 19:12,7530600
10/30/2011 3:25,7554700
11/2/2011 16:51,7579000
11/6/2011 4:41,7603850
11/9/2011 17:48,7629550
11/13/2011 9:19,7654500
11/16/2011 17:10,7678950
11/20/2011 10:26,7703150
11/24/2011 3:11,7728450
11/28/2011 5:59,7752850
12/1/2011 15:36,7778850
12/5/2011 4:05,7805400
12/8/2011 14:55,7831800
12/11/2011 21:05,7856550
12/15/2011 13:15,7880950
12/19/2011 5:53,7906300
12/22/2011 15:46,7931250
12/26/2011 1:08,7957400
12/29/2011 7:52,7983600
1/1/2012 21:01,8008750
1/5/2012 6:00,8034450
1/8/2012 4:43,8059600
1/11/2012 14:26,8085800
1/15/2012 2:24,8112050
1/18/2012 12:24,8138300
1/21/2012 19:37,8162850
1/25/2012 8:16,8189150
1/28/2012 21:11,8214300
2/1/2012 0:25,8239600
2/4/2012 6:42,8264700
2/7/2012 15:49,8289450
2/11/2012 5:03,8314250
2/14/2012 14:11,8339000
2/18/2012 2:42,8363800
2/21/2012 8:44,8388750
2/24/2012 14:44,8413350
2/27/2012 20:46,8439350
3/1/2012 23:03,8464400
3/5/2012 18:22,8489050
3/9/2012 4:21,8514700
3/12/2012 10:28,8540500
3/16/2012 0:28,8566050
3/19/2012 3:31,8591300
3/22/2012 12:51,8617650
3/25/2012 22:34,8643800
3/29/2012 8:33,8669700
4/1/2012 18:36,8695550
4/5/2012 17:17,8721100
4/9/2012 10:51,8746550
4/13/2012 2:51,8772350
4/17/2012 0:17,8797450
4/20/2012 12:32,8822700
4/24/2012 4:44,8849450
4/28/2012 1:01,8875650
5/1/2012 1:19,8901150
5/4/2012 4:42,8926500
5/7/2012 7:47,8951650
5/10/2012 8:45,8977550
5/14/2012 2:05,9002550
5/18/2012 1:22,9027600
5/21/2012 11:55,9052000
5/25/2012 14:46,9076800
5/29/2012 0:13,9101800
6/1/2012 17:32,9127150
6/5/2012 2:24,9153000
6/8/2012 13:06,9178250
6/11/2012 17:50,9203950
6/15/2012 1:56,9229400
6/18/2012 9:48,9255300
6/21/2012 21:25,9281650
6/25/2012 6:10,9306550
6/28/2012 15:03,9331550
7/2/2012 4:22,9356500
7/5/2012 12:37,9382050
7/8/2012 18:54,9407550
7/12/2012 4:34,9432950
7/15/2012 13:24,9459500
7/18/2012 21:27,9485400
7/22/2012 9:19,9510450
7/25/2012 18:58,9536550
7/28/2012 23:31,9563050
8/1/2012 12:30,9590000
8/4/2012 20:08,9616450
8/8/2012 6:55,9641900
8/11/2012 8:53,9667600
8/14/2012 15:52,9693900
8/17/2012 23:53,9719600
8/21/2012 1:51,9746050
8/24/2012 5:52,9771650
8/27/2012 16:37,9797750
8/31/2012 0:32,9824050
9/3/2012 8:56,9850350
9/6/2012 13:05,9877000
9/9/2012 22:25,9903200
9/13/2012 12:58,9929400
9/17/2012 2:31,9956950
9/20/2012 14:37,9984050
9/23/2012 21:27,10010750
9/27/2012 11:47,10036850
9/30/2012 22:31,10065000
10/4/2012 21:46,10091950
10/8/2012 15:26,10119250
10/12/2012 5:14,10145600
10/15/2012 19:14,10171900
10/19/2012 8:38,10198700
10/22/2012 20:01,10225350
10/26/2012 10:04,10251650
10/29/2012 16:31,10279650
11/2/2012 13:27,10306900
11/6/2012 4:22,10334350
11/9/2012 17:18,10361050
11/13/2012 12:17,10387550
11/17/2012 3:33,10413850
11/20/2012 21:50,10440750
11/24/2012 8:53,10467150
11/27/2012 18:20,10493000
12/1/2012 4:25,10509775
12/5/2012 0:22,10523175
12/9/2012 1:38,10536500
12/12/2012 21:41,10549625
12/17/2012 5:59,10562150
12/21/2012 3:19,10574600
12/24/2012 23:32,10587450
12/28/2012 11:35,10600325
12/31/2012 15:30,10613000
1/3/2013 20:15,10625625
1/7/2013 7:18,10638225
1/10/2013 16:47,10650700
1/14/2013 13:23,10663150
1/18/2013 13:18,10675675
1/22/2013 6:21,10688450
1/25/2013 21:36,10701025
1/29/2013 5:54,10713625
2/1/2013 9:17,10726575
2/4/2013 10:47,10739150
2/7/2013 15:43,10751925
2/10/2013 23:32,10764575
2/14/2013 4:33,10777000
2/17/2013 1:51,10789500
2/19/2013 23:53,10802000
2/22/2013 17:52,10814375
2/25/2013 14:54,10826825
2/28/2013 10:22,10839250
3/3/2013 15:14,10851550
3/6/2013 15:08,10864025
3/9/2013 18:21,10876175
3/12/2013 19:32,10888525
3/15/2013 17:07,10900875
3/18/2013 9:06,10913325
3/20/2013 22:01,10925600
3/23/2013 4:22,10938100
3/25/2013 21:24,10950375
3/29/2013 0:19,10962550
3/31/2013 22:11,10974775
4/3/2013 12:45,10987125
4/6/2013 15:48,10999450
4/9/2013 13:05,11011625
4/12/2013 9:53,11023850
4/15/2013 8:27,11036000
4/18/2013 6:56,11048225
4/21/2013 11:44,11060425
4/24/2013 12:20,11072700
4/27/2013 9:45,11084875
4/30/2013 9:03,11097025
5/3/2013 18:05,11109250
5/6/2013 19:33,11121400
5/9/2013 18:10,11133650
5/12/2013 11:47,11145750
5/15/2013 14:55,11158100
5/18/2013 21:26,11170250
5/22/2013 4:28,11182425
5/25/2013 1:38,11194550
5/27/2013 23:23,11206725
5/30/2013 21:11,11218950
6/2/2013 9:50,11231300
6/4/2013 19:47,11243675
6/7/2013 13:57,11255900
6/10/2013 9:11,11268250
6/13/2013 0:58,11280600
6/15/2013 18:43,11292825
6/18/2013 18:47,11304950
6/21/2013 23:37,11316975
6/24/2013 23:31,11329150
6/27/2013 20:16,11341200
6/30/2013 20:13,11353425
7/3/2013 19:09,11365575
7/6/2013 14:38,11377825
7/9/2013 3:57,11390000
7/11/2013 18:35,11402150
7/14/2013 19:55,11414325
7/17/2013 17:47,11426625
7/20/2013 13:48,11439050
7/23/2013 7:01,11451275
7/26/2013 13:00,11463575
7/29/2013 11:04,11475925
8/1/2013 0:17,11488175
8/3/2013 14:17,11500350
8/6/2013 10:09,11512700
8/8/2013 22:36,11524900
8/11/2013 6:36,11537125
8/13/2013 16:53,11549600
8/16/2013 17:38,11562225
8/19/2013 8:16,11574425
8/21/2013 23:17,11587075
8/24/2013 8:01,11599200
8/27/2013 9:14,11611600
8/30/2013 1:45,11623700
9/1/2013 7:18,11636025
9/3/2013 17:08,11648275
9/6/2013 11:33,11660575
9/9/2013 10:32,11672875
9/11/2013 22:57,11685225
9/14/2013 7:21,11697500
9/17/2013 1:46,11709975
9/19/2013 20:44,11722275
9/22/2013 9:17,11734650
9/24/2013 17:52,11747050
9/27/2013 8:45,11759625
9/30/2013 9:00,11772050
10/3/2013 3:59,11785050
10/5/2013 17:16,11797575
10/8/2013 12:48,11809825
10/11/2013 7:17,11822425
10/13/2013 19:39,11835500
10/15/2013 19:00,11848075
10/18/2013 10:26,11860525
10/20/2013 20:59,11873375
10/23/2013 3:25,11886025
10/25/2013 9:31,11898500
10/27/2013 22:34,11911125
10/30/2013 18:58,11923600
11/2/2013 4:47,11936075
11/4/2013 16:39,11948575
11/7/2013 18:41,11960975
11/11/2013 1:17,11973225
11/13/2013 16:08,11986000
11/16/2013 14:43,11998850
11/19/2013 13:50,12011575
11/22/2013 17:05,12024025
11/25/2013 16:47,12036775
11/28/2013 16:22,12049575
12/1/2013 13:26,12062400
12/4/2013 8:07,12075100
12/7/2013 4:06,12087925
12/9/2013 20:31,12100750
12/12/2013 17:16,12113350
12/15/2013 13:22,12126225
12/18/2013 5:15,12139400
12/20/2013 16:03,12152225
12/23/2013 18:02,12164750
12/26/2013 16:40,12177300
12/29/2013 18:14,12190025
1/1/2014 13:15,12203050
1/4/2014 21:01,12215625
1/7/2014 15:19,12228400
1/10/2014 5:51,12241275
1/12/2014 19:45,12254025
1/15/2014 18:41,12266675
1/18/2014 16:14,12279225
1/21/2014 11:53,12292075
1/24/2014 9:07,12305275
1/27/2014 15:09,12318550
1/30/2014 19:53,12331475
2/2/2014 14:07,12344175
2/5/2014 11:25,12357200
2/8/2014 14:06,12370400
2/11/2014 20:01,12383075
2/14/2014 17:55,12396300
2/17/2014 16:27,12409450
2/20/2014 16:44,12422800
2/23/2014 21:43,12436325
2/26/2014 20:45,12449725
3/2/2014 1:38,12463275
3/5/2014 15:10,12476475
3/8/2014 20:44,12490075
3/12/2014 2:34,12503375
3/15/2014 8:07,12516500
3/18/2014 14:42,12529825
3/21/2014 18:59,12542875
3/24/2014 13:33,12556400
3/27/2014 18:50,12569275
3/30/2014 22:00,12582475
4/2/2014 21:22,12595825
4/5/2014 14:07,12608875
4/9/2014 5:42,12622425
4/12/2014 13:23,12635600
4/15/2014 9:59,12648950
4/18/2014 16:33,12662550
4/21/2014 21:33,12676250
4/25/2014 8:00,12689750
4/28/2014 11:49,12703275
5/1/2014 22:27,12716975
5/5/2014 13:14,12730200
5/8/2014 17:56,12743525
5/11/2014 21:42,12756900
5/15/2014 4:30,12770100
5/18/2014 6:33,12783425
5/21/2014 10:42,12797075
5/24/2014 11:58,12810150
5/28/2014 0:23,12823250
5/31/2014 7:51,12836025
6/3/2014 4:20,12848900
6/6/2014 6:21,12861800
6/9/2014 20:26,12874700
6/13/2014 2:11,12888000
6/16/2014 2:42,12901200
6/19/2014 0:37,12914250
6/21/2014 23:11,12927450
6/24/2014 21:23,12940725
6/27/2014 18:02,12953700
7/1/2014 0:11,12966825
7/4/2014 14:51,12979500
7/8/2014 0:41,12992400
7/11/2014 8:38,13005575
7/14/2014 19:35,13018525
7/18/2014 3:15,13031550
7/21/2014 6:27,13044650
7/24/2014 18:40,13057500
7/28/2014 6:23,13070450
7/31/2014 17:02,13084100
8/4/2014 3:18,13097375
8/7/2014 16:05,13110250
8/10/2014 19:29,13123500
8/13/2014 20:37,13136650
8/16/2014 22:43,13149500
8/19/2014 20:40,13163050
8/23/2014 0:44,13175950
8/26/2014 12:29,13189025
8/29/2014 13:14,13202100
9/1/2014 14:44,13215425
9/5/2014 0:14,13228600
9/8/2014 8:13,13241825
9/11/2014 18:47,13254850
9/14/2014 22:35,13268075
9/18/2014 0:06,13281150
9/20/2014 23:46,13294275
9/24/2014 8:15,13307550
9/27/2014 19:01,13320425
10/1/2014 7:46,13333200
10/4/2014 22:28,13346225
10/8/2014 4:10,13358900
10/11/2014 15:20,13371725
10/15/2014 6:04,13384925
10/18/2014 15:51,13397575
10/22/2014 5:58,13410650
10/25/2014 13:39,13423350
10/29/2014 2:05,13436075
11/1/2014 2:31,13448950
11/4/2014 7:04,13461925
11/7/2014 18:18,13474925
11/11/2014 3:54,13487600
11/14/2014 16:52,13500225
11/18/2014 4:29,13513000
11/21/2014 19:37,13525550
11/25/2014 6:44,13538425
11/28/2014 22:49,13551125
12/2/2014 9:27,13564075
12/6/2014 0:51,13576900
12/9/2014 18:19,13589900
12/13/2014 6:51,13602850
12/17/2014 0:14,13615975
12/20/2014 23:24,13629050
12/24/2014 13:02,13642050
12/27/2014 17:41,13654700
12/30/2014 23:53,13667925
1/3/2015 5:24,13680875
1/6/2015 12:26,13694125
1/10/2015 0:03,13706925
1/13/2015 15:32,13719750
1/17/2015 6:50,13732800
1/20/2015 21:08,13745500
1/24/2015 19:10,13758450
1/28/2015 14:16,13771500
1/31/2015 23:50,13784900
2/4/2015 9:52,13797850
2/7/2015 15:38,13811000
2/11/2015 4:29,13823950
2/14/2015 14:45,13836500
2/18/2015 1:32,13849325
2/21/2015 6:51,13862225
2/24/2015 21:35,13875000
2/28/2015 7:27,13888100
3/3/2015 18:53,13900975
3/7/2015 10:07,13913800
3/10/2015 22:44,13926900
3/14/2015 11:44,13939600
3/18/2015 4:10,13952225
3/21/2015 18:20,13965050
3/25/2015 0:55,13977675
3/28/2015 7:05,13990400
3/31/2015 17:24,14003125
4/4/2015 4:23,14016000
4/7/2015 18:50,14029000
4/11/2015 13:46,14041875
4/15/2015 2:49,14054525
4/18/2015 21:51,14067150
4/22/2015 8:45,14080050
4/25/2015 22:18,14092850
4/29/2015 13:01,14105450
5/3/2015 2:29,14118225
5/6/2015 16:48,14130975
5/10/2015 8:46,14143875
5/13/2015 17:24,14156775
5/17/2015 5:35,14169750
5/20/2015 17:41,14182400
5/24/2015 10:22,14195025
5/27/2015 23:37,14207775
5/31/2015 15:05,14220425
6/4/2015 2:49,14232875
6/7/2015 9:37,14245825
6/10/2015 18:07,14258550
6/14/2015 4:20,14271525
6/17/2015 22:14,14284400
6/21/2015 10:31,14297050
6/24/2015 23:32,14309875
6/28/2015 10:30,14322625
7/2/2015 1:31,14335175
7/5/2015 7:43,14348000
7/8/2015 16:25,14360750
7/12/2015 2:34,14373275
7/15/2015 13:51,14385850
7/19/2015 0:35,14398375
7/22/2015 12:44,14411050
7/25/2015 22:30,14424175
7/29/2015 10:48,14437050
8/1/2015 21:09,14449675
8/5/2015 11:16,14462450
8/8/2015 20:15,14475025
8/12/2015 2:06,14487650
8/15/2015 19:10,14500150
8/19/2015 8:44,14512950
8/22/2015 15:28,14525750
8/26/2015 2:09,14538400
8/29/2015 11:12,14551300
9/1/2015 20:28,14564325
9/5/2015 3:18,14576950
9/8/2015 16:20,14589675
9/11/2015 22:14,14602575
9/15/2015 7:43,14615225
9/18/2015 18:39,14627900
9/22/2015 13:46,14640600
9/25/2015 21:21,14653375
9/29/2015 8:03,14666225
10/2/2015 18:33,14679000
10/6/2015 2:54,14691675
10/9/2015 20:15,14704350
10/13/2015 7:52,14717050
10/16/2015 15:04,14729725
10/20/2015 3:00,14742450
10/23/2015 16:14,14755325
10/27/2015 1:53,14768150
10/30/2015 11:58,14780700
11/2/2015 16:58,14793225
11/6/2015 1:50,14806075
11/9/2015 12:12,14818650
11/12/2015 17:22,14831275
11/15/2015 23:03,14843900
11/19/2015 6:30,14856900
11/22/2015 8:13,14869475
11/25/2015 10:55,14881875
11/28/2015 18:19,14894300
12/1/2015 19:41,14906850
12/5/2015 4:02,14919400
12/8/2015 7:08,14932000
12/10/2015 23:01,14944600
12/14/2015 2:17,14956975
12/16/2015 21:43,14969450
12/20/2015 0:59,14981950
12/23/2015 4:29,14994325
12/26/2015 11:17,15006850
12/29/2015 7:19,15019525
1/1/2016 15:41,15031900
1/4/2016 20:41,15044275
1/8/2016 2:51,15056800
1/11/2016 2:33,15069000
1/14/2016 5:25,15081350
1/17/2016 19:15,15093500
1/20/2016 23:07,15105675
1/23/2016 22:31,15117900
1/26/2016 22:27,15130250
1/30/2016 1:13,15142575
2/1/2016 19:53,15154925
2/4/2016 17:12,15167550
2/7/2016 9:27,15179875
2/10/2016 6:07,15192200
2/13/2016 2:55,15204500
2/16/2016 7:04,15216750
2/19/2016 10:22,15229025
2/23/2016 0:37,15241275
2/26/2016 13:29,15253425
3/1/2016 2:38,15265725
3/4/2016 10:28,15277875
3/7/2016 17:07,15289950
3/10/2016 21:03,15302125
3/14/2016 5:18,15314200
3/17/2016 8:45,15326350
3/20/2016 19:39,15338475
3/24/2016 3:01,15350625
3/27/2016 11:15,15362775
3/30/2016 14:21,15374850
4/3/2016 4:09,15387150
4/6/2016 6:04,15399325
4/9/2016 12:34,15411450
4/12/2016 13:45,15423625
4/15/2016 15:49,15435750
4/19/2016 1:00,15447850
4/22/2016 4:59,15459950
4/25/2016 17:36,15472125
4/29/2016 6:18,15484350
5/2/2016 10:29,15496550
5/5/2016 12:40,15508750
5/8/2016 14:03,15520875
5/11/2016 15:33,15532950
5/15/2016 1:33,15545175
5/18/2016 11:52,15557325
5/21/2016 22:53,15569450
5/24/2016 18:36,15581575
5/28/2016 8:31,15593725
5/31/2016 18:28,15605875
6/4/2016 6:55,15618050
6/7/2016 12:21,15630125
6/10/2016 17:28,15642250
6/13/2016 20:56,15654350
6/17/2016 3:59,15666475
6/20/2016 4:19,15678575
6/23/2016 12:52,15690825
6/26/2016 21:29,15702875
6/30/2016 4:54,15715125
7/3/2016 9:22,15727450
7/6/2016 18:33,15739675
7/10/2016 4:06,15750925
7/13/2016 13:05,15756975
7/16/2016 22:08,15763037.5
7/20/2016 6:23,15769087.5
7/23/2016 22:29,15775125
7/27/2016 16:20,15781200
7/31/2016 7:25,15787262.5
8/3/2016 10:41,15793312.5
8/6/2016 9:14,15799325
8/9/2016 16:55,15805375
8/12/2016 22:32,15811387.5
8/16/2016 0:31,15817425
8/19/2016 12:30,15823512.5
8/22/2016 13:56,15829537.5
8/25/2016 23:13,15835675
8/29/2016 7:09,15841725
9/1/2016 15:21,15847812.5
9/4/2016 20:27,15853875
9/8/2016 4:29,15859925
9/11/2016 12:02,15865987.5
9/14/2016 11:39,15872087.5
9/17/2016 14:29,15878137.5
9/20/2016 23:24,15884150
9/24/2016 8:24,15890200
9/27/2016 2:47,15896275
9/30/2016 8:04,15902300
10/3/2016 13:46,15908337.5
10/6/2016 14:44,15914400
10/9/2016 16:01,15920425
10/13/2016 4:41,15926475
10/16/2016 18:27,15932562.5
10/20/2016 8:10,15938575
10/23/2016 13:17,15944587.5
10/26/2016 23:50,15950612.5
10/30/2016 4:17,15956662.5
11/2/2016 10:20,15962712.5
11/5/2016 20:29,15968725
11/8/2016 22:14,15974762.5
11/11/2016 22:57,15980812.5
11/14/2016 23:29,15986850
11/17/2016 22:23,15992875
11/21/2016 10:53,15998900
11/24/2016 18:35,16004975
11/27/2016 22:32,16011025
12/1/2016 2:30,16017062.5
12/4/2016 5:51,16023100
12/7/2016 10:40,16029150
12/10/2016 19:05,16035237.5
12/13/2016 13:23,16041300
12/17/2016 3:52,16047312.5
12/20/2016 12:55,16053412.5
12/23/2016 16:02,16059487.5
12/26/2016 21:07,16065550
12/30/2016 0:57,16071650
1/2/2017 4:31,16077700
1/5/2017 5:05,16083737.5
1/8/2017 12:04,16089762.5
1/11/2017 15:28,16095800
1/14/2017 14:58,16101900
1/17/2017 14:16,16108000
1/20/2017 12:41,16114025
1/23/2017 4:41,16120100
1/26/2017 11:19,16126112.5
1/29/2017 13:12,16132137.5
2/1/2017 13:26,16138237.5
2/4/2017 15:15,16144300
2/8/2017 0:26,16150337.5
2/11/2017 4:24,16156400
2/14/2017 7:52,16162450
2/17/2017 15:08,16168500
2/20/2017 23:39,16174587.5
2/24/2017 9:15,16180637.5
2/27/2017 6:11,16186750
3/2/2017 10:19,16192775
3/5/2017 18:42,16198800
3/9/2017 2:51,16204887.5
3/12/2017 8:15,16210900
3/15/2017 14:08,16217000
3/18/2017 15:59,16223075
3/22/2017 0:27,16229112.5
3/25/2017 0:15,16235150
3/28/2017 8:03,16241187.5
3/31/2017 15:03,16247312.5
4/3/2017 19:53,16253387.5
4/7/2017 4:48,16259487.5
4/10/2017 9:14,16265600
4/13/2017 14:57,16271650
4/17/2017 1:09,16277700
4/20/2017 12:46,16283825
4/23/2017 17:11,16289900
4/27/2017 1:59,16295987.5
4/30/2017 8:10,16302025
5/3/2017 13:24,16308075
5/6/2017 15:43,16314125
5/9/2017 14:35,16320200
5/12/2017 20:52,16326237.5
5/15/2017 21:14,16332325
5/19/2017 5:34,16338412.5
5/22/2017 8:04,16344450
5/25/2017 9:35,16350512.5
5/28/2017 10:06,16356562.5
5/31/2017 7:41,16362650
6/3/2017 5:24,16368675
6/6/2017 3:28,16374737.5
6/9/2017 4:48,16380762.5
6/12/2017 11:39,16386837.5
6/15/2017 19:39,16392862.5
6/19/2017 3:48,16398900
6/22/2017 15:53,16405000
6/25/2017 22:21,16411025
6/29/2017 9:54,16417087.5
7/2/2017 12:37,16423150
7/5/2017 10:16,16429187.5
7/8/2017 15:59,16435237.5
7/11/2017 12:39,16441300
7/14/2017 11:22,16447350
7/17/2017 20:12,16453375
7/20/2017 21:10,16459412.5
7/23/2017 20:55,16465450
7/26/2017 23:40,16471537.5
7/30/2017 3:19,16477612.5
8/2/2017 10:23,16483662.5
8/5/2017 10:33,16489712.5
8/8/2017 11:29,16495750
8/12/2017 0:03,16501850
8/15/2017 11:42,16507912.5
8/18/2017 17:22,16514000
8/22/2017 10:22,16520037.5
8/26/2017 16:27,16526075
8/30/2017 1:59,16532087.5
9/1/2017 23:02,16538162.5
9/4/2017 20:43,16544187.5
9/7/2017 13:50,16550237.5
9/10/2017 12:14,16556325
9/13/2017 8:15,16562350
9/16/2017 0:03,16568450
9/19/2017 1:22,16574475
9/22/2017 6:50,16580512.5
9/25/2017 15:29,16586550
9/28/2017 21:20,16592587.5
10/2/2017 4:06,16598600
10/5/2017 6:39,16604675
10/8/2017 9:54,16610737.5
10/11/2017 12:32,16616812.5
10/14/2017 18:50,16622837.5
10/17/2017 12:27,16628887.5
10/20/2017 9:44,16634925
10/23/2017 6:59,16640950
10/26/2017 0:34,16646975
10/29/2017 18:52,16653025
11/2/2017 2:21,16659075
11/5/2017 16:10,16665125
11/9/2017 1:06,16671175
11/13/2017 9:30,16677187.5
11/16/2017 19:19,16683237.5
11/19/2017 21:54,16689287.5
11/22/2017 20:21,16695362.5
11/25/2017 23:26,16701400
11/29/2017 0:37,16707450
12/1/2017 19:49,16713500
12/4/2017 15:17,16719550
12/7/2017 7:38,16725612.5
12/10/2017 7:08,16731637.5
12/13/2017 6:16,16737725
12/15/2017 22:16,16743787.5
12/18/2017 16:35,16749812.5
12/22/2017 1:01,16755850
12/25/2017 8:31,16761887.5
12/28/2017 15:26,16767937.5
12/31/2017 17:34,16773975
1/3/2018 18:33,16780050
1/6/2018 17:45,16786062.5
1/9/2018 17:44,16792112.5
1/12/2018 10:20,16798150
1/15/2018 13:02,16804162.5
1/18/2018 11:36,16810225
1/21/2018 6:41,16816287.5
1/24/2018 0:49,16822312.5
1/26/2018 23:47,16828337.5
1/30/2018 2:07,16834375
2/2/2018 8:35,16840450
2/5/2018 5:19,16846487.5
2/8/2018 3:41,16852512.5
2/11/2018 16:20,16858575
2/14/2018 14:56,16864600
2/17/2018 17:12,16870625
2/20/2018 22:29,16876700
2/24/2018 1:48,16882725
2/27/2018 4:16,16888762.5
3/2/2018 5:44,16894825
3/5/2018 4:56,16900862.5
3/8/2018 8:18,16906887.5
3/11/2018 16:07,16912937.5
3/14/2018 17:22,16919012.5
3/17/2018 23:12,16925025
3/21/2018 5:39,16931087.5
3/24/2018 14:27,16937112.5
3/27/2018 22:19,16943162.5
3/31/2018 3:34,16949212.5
4/3/2018 9:26,16955262.5
4/6/2018 14:00,16961287.5
4/9/2018 11:39,16967337.5
4/12/2018 15:19,16973387.5
4/15/2018 17:51,16979412.5
4/18/2018 20:29,16985437.5
4/21/2018 22:01,16991487.5
4/24/2018 23:42,16997525
4/28/2018 15:50,17003550
5/1/2018 17:11,17009587.5
5/5/2018 2:23,17015637.5
5/8/2018 9:22,17021700
5/11/2018 16:58,17027775
5/14/2018 23:06,17033825
5/18/2018 4:23,17039887.5
5/21/2018 10:11,17045925
5/24/2018 13:00,17051962.5
5/27/2018 11:03,17057987.5
5/30/2018 14:23,17064025
6/2/2018 10:24,17070062.5
6/5/2018 6:36,17076100
6/8/2018 12:19,17082137.5
6/12/2018 0:25,17088175
6/15/2018 8:22,17094237.5
6/18/2018 8:00,17100287.5
6/21/2018 8:49,17106312.5
6/24/2018 9:49,17112400
6/27/2018 14:53,17118437.5
6/30/2018 22:22,17124487.5
7/4/2018 12:38,17130537.5
7/7/2018 18:42,17136600
7/11/2018 2:57,17142662.5
7/14/2018 14:53,17148725
7/18/2018 3:17,17154787.5
7/21/2018 0:20,17160825
7/24/2018 0:22,17166887.5
7/26/2018 22:05,17172912.5
7/29/2018 21:54,17178987.5
8/2/2018 4:53,17185000
8/5/2018 3:57,17191025
8/8/2018 11:21,17197062.5
8/11/2018 8:37,17203100
8/14/2018 14:09,17209137.5
8/17/2018 16:05,17215162.5
8/20/2018 21:05,17221200
8/24/2018 0:58,17227275
8/27/2018 3:47,17233325
8/30/2018 5:14,17239350
9/2/2018 10:09,17245362.5
9/5/2018 23:42,17251375
9/9/2018 4:26,17257400
9/12/2018 10:03,17263437.5
9/15/2018 19:03,17269475
9/19/2018 4:25,17275512.5
9/22/2018 11:03,17281587.5
9/25/2018 12:38,17287637.5
9/28/2018 19:22,17293675
10/1/2018 21:14,17299712.5
10/5/2018 6:06,17305750
10/8/2018 22:18,17311812.5
10/12/2018 6:23,17317850
10/15/2018 19:39,17323887.5
10/19/2018 7:56,17329925
10/22/2018 15:43,17335962.5
10/26/2018 4:56,17341975
10/29/2018 14:02,17348012.5
11/1/2018 15:56,17354037.5
11/5/2018 1:29,17360087.5
11/8/2018 17:20,17366125
11/12/2018 9:54,17372162.5
11/16/2018 3:27,17378200
11/19/2018 19:14,17384237.5
11/23/2018 18:59,17390275
11/27/2018 14:46,17396312.5
12/1/2018 20:39,17402350
12/5/2018 18:12,17408387.5
12/9/2018 15:16,17414412.5
12/13/2018 10:39,17420462.5
12/17/2018 0:11,17426500
12/20/2018 8:41,17432512.5
12/23/2018 11:20,17438537.5
12/26/2018 13:06,17444600
12/29/2018 10:02,17450625
1/1/2019 13:44,17456675
1/4/2019 17:56,17462750
1/7/2019 23:58,17468837.5
1/10/2019 23:52,17474937.5
1/14/2019 10:18,17480975
1/17/2019 23:44,17487012.5
1/21/2019 10:11,17493050
1/24/2019 16:28,17499100
1/28/2019 1:18,17505187.5
1/31/2019 11:12,17511212.5
2/3/2019 16:54,17517250
2/6/2019 20:04,17523287.5
2/9/2019 19:38,17529312.5
2/13/2019 9:20,17535375
2/16/2019 18:45,17541412.5
2/19/2019 20:25,17547462.5
2/23/2019 6:32,17553500
2/26/2019 16:17,17559537.5
3/1/2019 20:21,17565562.5
3/5/2019 6:43,17571600
3/8/2019 17:47,17577662.5
3/12/2019 5:42,17583700
3/15/2019 12:15,17589750
3/18/2019 15:27,17595800
3/21/2019 17:14,17601887.5
3/24/2019 19:59,17607925
3/28/2019 4:54,17613975
3/31/2019 14:04,17620012.5
4/3/2019 22:08,17626050
4/7/2019 6:49,17632112.5
4/10/2019 16:19,17638137.5
4/13/2019 22:28,17644150
4/17/2019 11:45,17650175
4/20/2019 21:01,17656250
4/24/2019 7:24,17662312.5
4/27/2019 12:11,17668350
4/30/2019 16:58,17674412.5
5/3/2019 13:17,17680475
5/7/2019 2:03,17686512.5
5/10/2019 11:11,17692562.5
5/13/2019 18:19,17698637.5
5/17/2019 0:32,17704687.5
5/20/2019 1:29,17710700
5/23/2019 2:43,17716725
5/26/2019 6:10,17722737.5
5/29/2019 6:01,17728837.5
6/1/2019 10:10,17734850
6/4/2019 23:38,17740887.5
6/8/2019 1:33,17746950
6/11/2019 12:38,17752987.5
6/14/2019 17:44,17759000
6/18/2019 3:55,17765037.5
6/21/2019 5:12,17771050
6/24/2019 7:22,17777075
6/27/2019 7:56,17783112.5
6/30/2019 7:26,17789150
7/3/2019 10:07,17795162.5
7/6/2019 5:05,17801200
7/9/2019 0:53,17807250
7/12/2019 11:00,17813300
7/15/2019 18:27,17819312.5
7/19/2019 6:06,17825350
7/22/2019 8:09,17831375
7/25/2019 17:53,17837425
7/28/2019 17:21,17843437.5
7/31/2019 19:45,17849487.5
8/3/2019 18:05,17855525
8/6/2019 19:17,17861587.5
8/10/2019 1:23,17867637.5
8/13/2019 7:05,17873675
8/16/2019 11:56,17879750
8/19/2019 22:48,17885812.5
8/23/2019 7:56,17891850
8/26/2019 11:02,17897900
8/29/2019 17:49,17903937.5
9/1/2019 18:47,17909975
9/5/2019 1:04,17916037.5
9/8/2019 2:42,17922075
9/10/2019 23:01,17928100
9/13/2019 21:00,17934137.5
9/17/2019 0:37,17940187.5
9/20/2019 2:54,17946225
9/23/2019 4:09,17952250
9/26/2019 10:09,17958337.5
9/29/2019 17:36,17964362.5
10/3/2019 3:42,17970425
10/6/2019 9:43,17976450
10/9/2019 12:01,17982500
10/12/2019 18:12,17988550
10/16/2019 3:24,17994612.5
10/19/2019 9:48,18000675
10/22/2019 13:25,18006725
10/25/2019 19:02,18012762.5
10/29/2019 10:22,18018775
11/2/2019 2:59,18024812.5
11/5/2019 16:38,18030875
11/9/2019 6:15,18036887.5
11/12/2019 8:47,18042912.5
11/15/2019 14:28,18048950
11/18/2019 20:22,18054962.5
11/22/2019 9:49,18061012.5
11/25/2019 15:32,18067062.5
11/29/2019 4:44,18073112.5
12/2/2019 16:22,18079175
12/5/2019 19:39,18085200
12/9/2019 1:07,18091237.5
12/12/2019 10:34,18097250
12/15/2019 21:37,18103287.5
12/19/2019 5:57,18109325
12/22/2019 3:46,18115362.5
12/25/2019 12:52,18121387.5
12/28/2019 18:57,18127462.5
12/31/2019 22:41,18133487.5
1/3/2020 22:34,18139537.5
1/7/2020 0:18,18145587.5
1/10/2020 1:13,18151600
1/13/2020 5:05,18157662.5
1/16/2020 13:31,18163675
1/19/2020 16:55,18169700
1/23/2020 14:01,18177087.5
1/26/2020 17:16,18183150
1/30/2020 0:29,18189162.5
2/2/2020 5:59,18195200
2/5/2020 13:37,18201225
2/9/2020 1:47,18207275
2/12/2020 12:11,18213325
2/15/2020 21:28,18219350
2/19/2020 4:15,18225400
2/22/2020 13:37,18231425
2/25/2020 22:50,18237462.5
2/29/2020 5:57,18243475
3/3/2020 7:43,18249500
3/6/2020 6:55,18255550
3/9/2020 10:48,18261587.5
3/12/2020 23:28,18267625
3/16/2020 22:36,18273675
3/21/2020 5:25,18279700
3/25/2020 4:33,18285725
3/28/2020 16:39,18291762.5
3/31/2020 22:17,18297812.5
4/4/2020 6:34,18303837.5
4/7/2020 6:46,18309862.5
4/10/2020 9:47,18315887.5
4/13/2020 11:23,18321925
4/16/2020 8:03,18327937.5
4/19/2020 15:44,18333962.5
4/22/2020 20:45,18340012.5
4/26/2020 8:23,18346037.5
4/29/2020 15:35,18352087.5
5/3/2020 2:14,18358187.5
5/6/2020 2:33,18364212.5
5/9/2020 10:55,18370287.5
5/12/2020 12:45,18375668.75
5/16/2020 11:29,18378681.25
5/20/2020 15:50,18381712.5
5/24/2020 15:53,18384718.75
5/28/2020 11:34,18387750
5/31/2020 20:00,18390762.5
6/4/2020 8:21,18393775
6/7/2020 2:39,18396806.25
6/10/2020 2:24,18399825
6/12/2020 22:46,18402831.25
6/16/2020 0:32,18405856.25
6/19/2020 14:18,18408881.25
6/22/2020 22:56,18411906.25
6/26/2020 7:10,18414918.75
6/29/2020 12:53,18417931.25
7/2/2020 13:54,18420950
7/5/2020 14:20,18423962.5
7/8/2020 16:37,18426987.5
7/11/2020 17:19,18430012.5
7/14/2020 23:04,18433025
7/18/2020 14:37,18436031.25
7/22/2020 6:38,18439050
7/25/2020 11:51,18442062.5
7/28/2020 18:36,18445081.25
8/1/2020 2:39,18448087.5
8/4/2020 9:41,18451093.75
8/7/2020 16:33,18454106.25
8/11/2020 0:12,18457112.5
8/14/2020 3:31,18460118.75
8/17/2020 7:10,18463143.75
8/20/2020 17:41,18466156.25
8/24/2020 0:22,18469175
8/27/2020 12:46,18472193.75
8/30/2020 20:34,18475206.25
9/3/2020 4:39,18478225
9/6/2020 13:36,18481243.75
9/9/2020 13:36,18484262.5
9/12/2020 19:09,18487281.25
9/15/2020 17:43,18490293.75
9/18/2020 12:35,18493300
9/21/2020 20:46,18496306.25
9/25/2020 7:57,18499331.25
9/28/2020 11:40,18502362.5
10/2/2020 1:00,18505375
10/5/2020 7:05,18508387.5
10/8/2020 13:42,18511418.75
10/12/2020 0:21,18514437.5
10/15/2020 3:29,18517456.25
10/18/2020 6:05,18520475
10/22/2020 0:31,18523493.75
10/25/2020 13:40,18526525
10/30/2020 3:15,18529531.25
11/3/2020 8:58,18532543.75
11/6/2020 15:13,18535581.25
11/9/2020 17:38,18538612.5
11/12/2020 21:52,18541625
11/16/2020 4:55,18544650
11/19/2020 7:48,18547668.75
11/22/2020 4:55,18550681.25
11/25/2020 11:30,18553687.5
11/28/2020 13:13,18556706.25
12/2/2020 2:03,18559725
12/5/2020 7:36,18562743.75
12/8/2020 18:48,18565762.5
12/12/2020 7:41,18568781.25
12/15/2020 16:36,18571806.25
12/19/2020 1:39,18574831.25
12/22/2020 6:03,18577850
12/25/2020 16:20,18580856.25
12/28/2020 22:28,18583875
12/31/2020 22:45,18586893.75
1/4/2021 1:35,18589912.5
1/6/2021 23:02,18592937.5
1/10/2021 3:28,18595962.5
1/13/2021 6:48,18598975
1/16/2021 10:50,18602000
1/19/2021 20:12,18605018.75
1/23/2021 9:11,18608031.25
1/26/2021 14:45,18611056.25
1/29/2021 20:37,18614068.75
2/2/2021 10:46,18617081.25
2/5/2021 12:28,18620093.75
2/8/2021 13:31,18623118.75
2/11/2021 22:28,18626156.25
2/15/2021 5:05,18629187.5
2/18/2021 18:03,18632212.5
2/22/2021 1:59,18635225
2/25/2021 10:27,18638243.75
2/28/2021 19:10,18641262.5
3/4/2021 4:58,18644287.5
3/7/2021 14:26,18647293.75
3/10/2021 20:13,18650300
3/14/2021 5:12,18653306.25
3/17/2021 9:18,18656318.75
3/20/2021 17:18,18659337.5
3/23/2021 19:29,18662362.5
3/27/2021 1:25,18665381.25
3/30/2021 5:27,18668406.25
4/2/2021 9:05,18671412.5
4/5/2021 18:09,18674425
4/9/2021 2:18,18677431.25
4/12/2021 7:28,18680450
4/15/2021 15:17,18683468.75
4/20/2021 0:16,18686506.25
4/23/2021 20:18,18689518.75
4/27/2021 8:47,18692531.25
4/30/2021 22:34,18695550
5/3/2021 21:52,18698562.5
5/6/2021 18:40,18701581.25
5/9/2021 11:12,18704606.25
5/12/2021 4:47,18707612.5
5/15/2021 8:05,18710618.75
5/19/2021 9:41,18713637.5
5/23/2021 13:43,18716650
5/27/2021 9:47,18719656.25
5/31/2021 8:49,18722668.75
6/3/2021 14:35,18725681.25
6/7/2021 1:10,18728693.75
6/10/2021 16:06,18731725
6/14/2021 14:22,18734756.25
6/18/2021 7:15,18737762.5
6/22/2021 22:11,18740768.75
6/28/2021 4:58,18743781.25
7/3/2021 10:02,18746787.5
7/7/2021 1:32,18749793.75
7/10/2021 13:52,18752806.25
7/14/2021 5:42,18755825
7/17/2021 9:53,18758837.5
7/20/2021 17:11,18761850
7/24/2021 2:20,18764868.75
7/27/2021 5:54,18767875
7/30/2021 5:17,18770887.5
8/2/2021 8:31,18773906.25
8/5/2021 11:34,18776918.75
8/8/2021 12:11,18779925
8/11/2021 11:36,18782937.5
8/14/2021 16:02,18785943.75
8/17/2021 13:44,18788956.25
8/20/2021 16:27,18791968.75
8/23/2021 13:52,18794981.25
8/26/2021 12:36,18798000
8/29/2021 18:22,18801006.25
9/2/2021 5:44,18804018.75
9/5/2021 8:10,18807025
9/8/2021 9:10,18810050
9/11/2021 20:12,18813056.25
9/14/2021 22:13,18816075
9/18/2021 5:57,18819093.75
9/21/2021 8:15,18822100
9/24/2021 17:43,18825106.25
9/28/2021 0:01,18828125
10/1/2021 3:00,18831131.25
10/4/2021 5:36,18834137.5
10/7/2021 10:47,18837143.75
10/10/2021 19:51,18840150
10/14/2021 0:38,18843156.25
10/17/2021 11:28,18846181.25
10/20/2021 15:16,18849187.5
10/23/2021 18:59,18852200
10/26/2021 19:45,18855218.75
10/29/2021 20:25,18858237.5
11/2/2021 2:23,18861243.75
11/5/2021 5:25,18864250
11/8/2021 8:30,18867262.5
11/11/2021 13:58,18870268.75
11/14/2021 20:13,18873293.75
11/18/2021 1:04,18876312.5
11/21/2021 10:52,18879325
11/24/2021 20:35,18882343.75
11/28/2021 12:59,18885350
12/1/2021 21:41,18888356.25
12/4/2021 22:44,18891368.75
12/7/2021 20:43,18894375
12/10/2021 21:14,18897381.25
12/14/2021 4:06,18900387.5
12/17/2021 15:19,18903393.75
12/21/2021 1:21,18906406.25
12/24/2021 5:25,18909425
12/27/2021 13:14,18912437.5
12/31/2021 3:12,18915443.75
1/3/2022 3:34,18918456.25
1/6/2022 11:31,18921462.5
1/9/2022 20:47,18924468.75
1/13/2022 2:19,18927475
1/15/2022 23:39,18930481.25
1/19/2022 0:54,18933487.5
1/22/2022 3:52,18936518.75
1/25/2022 10:53,18939531.25
1/28/2022 21:59,18942543.75
2/1/2022 4:57,18945556.25
2/4/2022 8:43,18948568.75
2/7/2022 23:38,18951575
2/11/2022 7:19,18954593.75
2/14/2022 5:41,18957606.25
2/17/2022 4:09,18960618.75
2/20/2022 13:01,18963625
2/23/2022 21:43,18966643.75
2/27/2022 16:05,18969675
3/2/2022 19:29,18972681.25
3/6/2022 9:57,18975693.75
3/9/2022 19:32,18978700
3/13/2022 0:20,18981712.5
3/16/2022 7:38,18984731.25
3/19/2022 11:21,18987743.75
3/22/2022 12:06,18990750
3/25/2022 21:00,18993756.25
3/29/2022 1:02,18996775
,
,
,
,
,
,
,
,
,
,
,
,
,
,
,
,
,
,
,
,
