gasPrice_open,gasPrice_close,gasPrice_low,gasPrice_high,tokenPrice_open,tokenPrice_close,tokenPrice_low,tokenPrice_high,txFee_open,txFee_close,txFee_low,txFee_high,avgGas,timestamp,samples
35.0,32.0,30.0,126.0,1.72,1.68,1.64,1.72,0.009636239938975999,0.010108978193664001,0.005613254763468839,0.054609021233382,181289.64480400007,2022-03-29T21:14:43.443Z,100
33.09,36.0,30.0,229.65,1.68,1.74,1.66,1.74,0.009244895751168,0.009052997159592,0.00681770772989,0.01796422356386658,167477.18020100004,2022-03-28T21:14:56.002Z,100
31.38,30.1,30.01,150.07,1.73,1.67,1.66,1.74,0.007726592027422202,0.007430192084757401,0.00664343906425044,0.02352975696276,165104.21947399998,2022-03-27T21:13:13.722Z,100
66.19,32.2,29.14,95.9,1.66,1.6,1.6,1.67,0.009061613027409599,0.009942492135296,0.00409730413241856,0.0192725408007,166628.70038900006,2022-03-26T21:14:38.729Z,100
33.6,37.64,30.01,81.0,1.6,1.59,1.57,1.6,0.007819397969472001,0.010385949499650481,0.006561715596426001,0.05207795366234385,193834.22770999995,2022-03-25T21:14:34.610Z,100
66.1,32.72,30.0,100.0,1.59,1.62,1.57,1.66,0.008476884317749322,0.00818155494516528,0.0057074980260189995,0.13810771401570002,195165.119542,2022-03-24T21:14:41.401Z,100
32.34,30.37,30.0,3500.0,1.62,1.54,1.53,1.63,0.008348010187426562,0.010157720541138941,0.005827376474802001,0.0661151348966948,166543.60670000003,2022-03-23T21:14:03.740Z,100
38.0,34.56,29.71,999.0,1.54,1.51,1.5,1.55,0.010157720541138941,0.007676333404035841,0.006276624754950001,0.024344638531485,183049.94281999997,2022-03-22T21:14:44.745Z,100
31.18,40.0,1.5,1000.0,1.51,1.46,1.46,1.53,0.007884028218306,0.009066804616079999,0.006439848478734401,0.02401873103717178,184650.33156499997,2022-03-21T21:14:26.148Z,100
42.24,53.9,28.25,99.0,1.47,1.48,1.45,1.5,0.01009591042176423,0.014555551983464799,0.0051089174312211,0.017516490216624,174055.16886600002,2022-03-20T21:14:18.015Z,100
33.05,40.0,20.0,350.0,1.47,1.53,1.46,1.54,0.008580715017147002,0.009651107905920001,0.0061987730713725,0.0162222184258048,173925.38516600002,2022-03-19T21:14:20.472Z,100
36.0,33.42,29.14,200.0,1.53,1.49,1.48,1.54,0.011391277948649999,0.01235934000296706,0.00467181660816288,0.018403618016640002,167447.57392900006,2022-03-18T21:14:48.579Z,100
32.71,32.98,10.1,103.0,1.49,1.45,1.42,1.5,0.0080238846686526,0.0083613948122557,0.0024082545448444004,0.051589974851129,174245.99409200007,2022-03-17T21:14:40.015Z,100
33.11,32.0,29.17,600.1,1.45,1.46,1.44,1.49,0.008405831328299999,0.01228576084448,0.0033652229588859,0.10741267606323454,195279.29571999997,2022-03-16T21:14:21.868Z,100
35.28,41.56,29.17,600.1,1.45,1.38,1.36,1.45,0.01153508949285,0.01032143016289896,0.00473874120772164,0.03846798892296,176102.760251,2022-03-15T21:14:14.967Z,100
33.1,38.0,30.04,152.47,1.39,1.34,1.34,1.4,0.014024495771865,0.00871006693032,0.005805160252859701,0.14403720191336064,204990.961359,2022-03-14T21:14:19.566Z,100
42.1,40.0,3.34,330.0,1.34,1.39,1.34,1.4,0.0084342894279852,0.0085088672636,0.0029469882127728005,0.018382521681328003,168306.52401800003,2022-03-13T21:14:10.380Z,100
35.0,38.0,3.1,200.0,1.4,1.41,1.39,1.42,0.007063073217473001,0.033170326096008,0.005667357815177999,0.064786139777535,187848.53979300003,2022-03-12T21:14:12.628Z,100
33.08,34.1,2.5,115.07,1.41,1.42,1.4,1.43,0.0183533616265104,0.0083731653993856,0.0007048356541140001,0.019568971160092197,179182.2277249999,2022-03-11T21:14:26.785Z,100
35.0,38.18,29.46,250.0,1.42,1.45,1.41,1.47,0.00716382879214608,0.010406016152405599,0.00209117965384512,0.42490818179186257,311680.91569800046,2022-03-10T21:14:37.570Z,100
34.09,32.01,29.42,155.0,1.45,1.49,1.41,1.51,0.010406016152405599,0.008657521352753791,0.005607573909795,0.0304591971968856,172206.502795,2022-03-09T21:14:09.585Z,100
36.3,32.1,30.0,1872.49,1.49,1.44,1.43,1.54,0.008378781486452021,0.0065556481789728,0.0060323341627239995,0.0671057529717564,178984.21538399998,2022-03-08T21:14:19.510Z,100
33.19,45.1,30.02,300.1,1.44,1.41,1.4,1.47,0.006657548340816,0.0230840867631462,0.004442019816543999,0.024990782816979997,168211.01447400003,2022-03-07T21:23:44.795Z,100
31.99,58.29,29.47,628.33,1.4,1.47,1.38,1.5,0.0083243887247808,0.01461327242823567,0.005241269582720601,0.034064398575705,163342.308697,2022-03-06T21:14:52.865Z,100
31.0,43.73,27.93,99.0,1.46,1.51,1.46,1.52,0.00816848586333592,0.01207921208115138,0.005440581699111,0.029607924819692003,165440.50731,2022-03-05T21:15:01.394Z,100
33.87,31.57,29.47,117.72,1.51,1.49,1.46,1.51,0.01787705727513636,0.009392677487341612,0.005935093124808121,0.020033342115,166610.88162,2022-03-04T21:14:19.025Z,100
40.5,55.0,29.2,500.0,1.49,1.57,1.47,1.59,0.011864345541558812,0.020993093705265,0.0040174388805936006,0.07415773793387101,185011.76314300002,2022-03-03T21:14:09.528Z,100
53.35,30.07,29.69,819.34,1.56,1.64,1.56,1.66,0.020859379732620004,0.0102855912387212,0.00581750952004112,0.08023256252734537,182351.939341,2022-03-02T21:14:14.614Z,100
32.12,31.46,30.0,351.0,1.64,1.63,1.6,1.68,0.008569655574911999,0.008837974493322262,0.006731133596985601,0.2846978734642732,227448.86895400006,2022-03-01T21:14:17.967Z,100
30.21,32.1,29.31,150.35,1.62,1.56,1.55,1.65,0.016455233092878004,0.0089890338296772,0.005592961836258601,0.14147792178255073,244143.37945100002,2022-02-28T21:14:23.728Z,100
33.15,41.43,23.83,500.0,1.56,1.45,1.43,1.56,0.00899910555862032,0.0126247760207502,0.00623636880271704,0.10320974891904301,250388.134557,2022-02-27T21:14:37.632Z,100
106.0,108.0,30.0,283.65,1.46,1.54,1.44,1.55,0.010111686200056319,0.020883692380320003,0.00550637586529002,0.29792351112300003,258225.041414,2022-02-26T21:14:57.655Z,100
38.19,31.89,30.0,483.44,1.54,1.53,1.51,1.58,0.020915141999782803,0.008541798627587761,0.005158655399932321,0.208839480372,266153.00765399996,2022-02-25T21:14:31.800Z,100
30.93,32.4,29.37,900.0,1.53,1.45,1.42,1.54,0.0158616195615711,0.007780852339668001,0.00400722443721072,0.0859788918653549,236743.50543699996,2022-02-24T21:15:04.277Z,100
33.0,32.01,29.75,1023.87,1.46,1.51,1.27,1.52,0.01139950965992244,0.00686293382706195,0.005060588228464641,0.41524678756305006,259193.10073700012,2022-02-23T21:14:12.642Z,100
31.82,34.14,29.92,200.0,1.51,1.44,1.44,1.59,0.007949544917888702,0.014606113787804161,0.005016598549460001,0.09342663212190001,216707.0153250001,2022-02-22T21:14:32.770Z,100
34.81,31.5,30.0,3500.0,1.44,1.49,1.36,1.49,0.00751620103890048,0.007643096816859,0.00411356423056722,0.07030611734438759,255918.67751200014,2022-02-21T21:14:57.503Z,100
39.2,32.48,29.6,304.05,1.49,1.53,1.47,1.61,0.0081055872810024,0.00832735945462176,0.005460453547200001,0.07866550443168224,197142.058642,2022-02-20T21:14:01.706Z,100
31.39,33.06,30.0,401.0,1.53,1.62,1.51,1.64,0.0075773347555248,0.008048825608619161,0.00584589359304,0.07048525357701302,206096.78331899992,2022-02-19T21:14:19.312Z,100
31.57,31.07,29.21,3500.0,1.62,1.61,1.58,1.64,0.007809818274489601,0.00737467175162718,0.0043641808363008,0.1906932035596813,236586.42470100007,2022-02-18T21:14:08.073Z,100
32.49,43.8,29.58,199.51,1.6,1.68,1.6,1.71,0.008595171197704001,0.010801002598041601,0.0052368715626998396,0.1058493962328995,202546.76112300006,2022-02-17T21:14:25.049Z,100
30.67,32.04,30.0,900.0,1.68,1.87,1.68,1.87,0.0070848325658880015,0.018055795790498402,0.005185376226654,0.13196130303072,191752.502333,2022-02-16T21:13:37.369Z,100
31.61,33.0,1.29,457.01,1.86,1.8,1.76,1.87,0.0111918432502572,0.0063886873980599996,0.0008023332992220001,0.045107546789817606,200195.85981800006,2022-02-15T21:14:02.240Z,100
11.97,78.06,2.54,600.1,1.8,1.64,1.63,1.83,0.005139021556051201,0.0367121288980164,0.0010225694909060102,0.164733859311012,243744.23095299996,2022-02-14T21:14:37.133Z,100
158.0,40.0,1.1,203.0,1.64,1.69,1.6,1.69,0.040377889065616,0.01290964733344,0.0007533579155216401,0.08610708306347943,189766.73374700002,2022-02-13T21:14:53.529Z,100
33.15,39.64,1.1,243.0,1.68,1.72,1.65,1.72,0.014248069218096,0.027005058422984,0.00066907866592788,0.05461489785554881,214546.20110299997,2022-02-12T21:14:27.113Z,100
30.06,35.0,1.1,395.98,1.73,1.72,1.66,1.76,0.01942518136728,0.010386152977620002,0.00038149869460704004,0.2980979359526311,214526.35096399995,2022-02-11T21:14:22.283Z,100
32.73,38.7,1.02,696.01,1.73,1.91,1.73,1.93,0.009982667710115281,0.0117414516993606,0.0003911538599628,0.022380834420120004,181240.25300100003,2022-02-10T21:14:12.893Z,100
33.76,31.06,1.03,446.88,1.91,2.02,1.89,2.05,0.015006031136404,0.008154546932787441,0.0003886543560108001,0.18225353644203554,172928.00496000002,2022-02-09T21:14:15.552Z,100
39.0,39.2,1.1,600.1,2.02,1.93,1.91,2.03,0.007641255223402921,0.011280492263846403,0.00046150321932000003,0.0444605148474,182235.61314000003,2022-02-08T21:14:21.176Z,100
37.64,30.47,1.1,2228.87,1.94,2.04,1.87,2.04,0.010614774919384,0.00877622546878308,0.00041850690453,0.4105722068280001,174575.51707200005,2022-02-07T21:14:13.948Z,100
40.88,2.5,1.03,173.42,2.02,1.7,1.7,2.06,0.013132820160483021,0.0007318019367500001,0.00040905769129500003,0.051895561844517366,175341.86184100003,2022-02-06T21:14:59.508Z,100
2.0,31.37,1.03,155.0,1.7,1.71,1.68,1.75,0.00095104968521,0.01008112394169963,0.00030939468262976,0.0173148682069797,190579.99529200004,2022-02-05T21:14:03.032Z,100
1.03,260.83,1.0,716.97,1.71,1.67,1.66,1.76,0.011355134068971002,0.06247028265273459,0.00031177292481552005,0.16361742073621624,199458.69746999998,2022-02-04T21:14:22.765Z,100
115.7,32.34,1.03,196.3,1.67,1.52,1.52,1.68,0.050008275571040796,0.007635936630944162,0.00029467561427150003,0.050008275571040796,175730.632683,2022-02-03T21:15:00.344Z,100
31.0,2.56,1.03,1031.57,1.5,1.58,1.49,1.58,0.007215580444800001,0.0011970944786329604,0.00035692916594400005,0.13277242479468998,171549.86275899987,2022-02-02T21:14:58.393Z,100
3.5,30.07,1.0,100.0,1.58,1.65,1.56,1.66,0.0018908471551055404,0.00768769800374895,0.000334034845155,0.022989557518288198,194818.83353699994,2022-02-01T21:14:52.125Z,100
31.97,32.14,1.03,900.0,1.65,1.64,1.63,1.68,0.010284159499515,0.009322318886796481,0.00041239224161520005,0.04668881896642199,192426.50075999997,2022-01-31T21:14:43.998Z,100
31.08,9.86,1.03,669.04,1.64,1.59,1.53,1.65,0.00074957600637736,0.0047572842162475195,0.00036850631671260005,0.03723509155743,215371.99962999995,2022-01-30T21:14:41.007Z,100
37.73,2.02,1.0,300.0,1.59,1.72,1.58,1.72,0.00915787833204096,0.00066908623437392,0.00047771869342730003,0.019401798481920002,222329.35681599996,2022-01-29T21:14:06.206Z,100
2.0,30.02,1.03,300.0,1.7,1.68,1.66,1.74,0.016001463705300003,0.0092139028039296,0.00037644934385880997,0.016182319336144,219315.706459,2022-01-28T21:14:24.976Z,100
2.17,30.17,1.5,220.0,1.68,1.53,1.52,1.68,0.0011957840482963202,0.0075193224593860805,0.0009602492733899999,0.019851152517855363,189511.17238100004,2022-01-27T21:14:04.506Z,100
32.0,36.29,1.94,1500.0,1.54,1.77,1.5,1.77,0.010856735358084001,0.010934191747929391,0.000642420119495,0.048365217314700004,187987.96963399998,2022-01-26T21:14:26.526Z,100
50.12,46.67,6.0,8000.0,1.74,1.54,1.53,1.76,0.012855062916648242,0.01297106621704894,0.0015044150985480003,1.9555271199360005,177746.501235,2022-01-25T21:14:06.697Z,100
50.63,109.9,29.58,900.0,1.55,1.52,1.41,1.6,0.014108570556750001,0.024971859035608803,0.00497651846812029,0.09529030573049065,168252.67591400005,2022-01-24T21:14:57.075Z,100
601.67,52.34,30.0,3072.11,1.52,1.54,1.32,1.62,0.14111728344677377,0.014395089843830084,0.0069481854563992,0.48998330437857385,164325.518707,2022-01-23T21:14:01.854Z,100
40.0,96.0,30.6,744.38,1.54,1.54,1.51,1.68,0.011044051049477602,0.024588484935168003,0.00784589998336716,0.1088084158402392,176969.85359100008,2022-01-22T21:14:37.079Z,100
211.55,130.73,43.97,19998.04,1.53,1.81,1.42,1.81,0.031104150135427087,0.0394626412970612,0.01633090211059275,1.2197697542163706,171114.45283200004,2022-01-21T21:14:45.458Z,100
1090.2,335.0,39.5,3215.65,1.8,2.12,1.8,2.12,0.49150750429019513,0.11840873112614002,0.012385431377896999,0.49150750429019513,171613.71103900005,2022-01-20T21:14:06.846Z,100
70.7,70.63,29.21,584.87,2.12,2.07,2.03,2.19,0.0228515284452224,0.025312109041920956,0.00768516714652742,0.20118304173579266,172123.23801700003,2022-01-19T21:14:06.149Z,100
349.65,304.7,36.54,998.0,2.08,2.13,2.02,2.17,0.07696939169699518,0.10856485999568549,0.01477592398284156,0.27823688951305026,165410.69835199998,2022-01-18T21:14:33.040Z,100
208.7,46.2,4.4,1857.01,2.11,2.22,2.09,2.25,0.06905665549255134,0.015861272210506802,0.011672509424604,0.2239157788896,171862.21678599998,2022-01-17T21:14:56.067Z,100
30.0,33.0,6.0,1000.0,2.22,2.32,2.21,2.44,0.010256331608460002,0.01254035336664,0.004373663805481501,0.07812929896491,174591.26421800003,2022-01-16T21:14:37.353Z,100
32.0,55.0,3.0,1000.0,2.32,2.37,2.3,2.38,0.010966006308239998,0.020904052836645003,0.0042936529130999995,0.18638133970104,170284.270605,2022-01-15T21:14:58.709Z,100
30.0,30.0,6.96,300.0,2.38,2.33,2.3,2.4,0.012354674424120003,0.01303907438745,0.00549050228280842,0.062337887152116,182848.33224599995,2022-01-14T21:14:49.423Z,100
30.3,31.3,3.0,326.3,2.32,2.29,2.18,2.33,0.0315004424544,0.014222286590809301,0.0065595977065944,0.08747107479856799,171785.556545,2022-01-13T21:14:26.320Z,100
33.66,33.0,10.0,365.08,2.28,2.36,2.25,2.44,0.0116330338402704,0.011622329862660001,0.0044061626239356,0.0627076430066448,161300.81385399992,2022-01-12T21:14:28.998Z,100
57.2,30.0,5.0,448.97,2.35,2.33,2.31,2.44,0.013193642058795002,0.01204748843535,0.0076535725889182015,0.086988749230656,147161.97816999996,2022-01-11T21:14:14.078Z,100
30.0,30.0,5.0,1343.1,2.34,2.06,2.05,2.35,0.010673738669879999,0.013898697289920001,0.00420110623387,0.106626328118016,169514.30962800005,2022-01-10T21:14:36.470Z,100
40.0,33.0,15.0,2000.0,2.04,2.14,1.96,2.15,0.012813269114023203,0.011582281767144001,0.008541027291384002,0.1862501683908096,163755.03341699994,2022-01-09T21:14:57.805Z,100
33.0,40.0,4.3,550.0,2.13,1.95,1.95,2.15,0.014921379446829001,0.010291017219600001,0.0034584025938400004,0.1185903501522,178193.6767309999,2022-01-08T21:14:35.185Z,100
30.0,31.9,15.0,903.0,1.93,2.1,1.91,2.14,0.009944544728763001,0.009832641459101999,0.007521604029271001,0.28687285037385,180605.89288899998,2022-01-07T21:14:54.856Z,100
30.6,242.0,30.0,2000.0,2.11,2.24,2.06,2.26,0.00907387648767,0.08523344347302401,0.00761823006021,0.34315587939880005,172285.082307,2022-01-06T21:14:12.585Z,100
300.0,550.0,30.0,5598.72,2.24,2.22,2.08,2.28,0.06436831251200001,0.19318142891850001,0.054089043037919754,0.9972117734492162,164240.25477599996,2022-01-05T21:14:49.428Z,100
800.0,500.0,300.0,2488.32,2.19,2.42,2.19,2.45,0.195659232069,0.19042593913199998,0.1161733346588925,0.6597959106489756,168512.69598300007,2022-01-04T21:14:22.996Z,100
500.0,239.58,132.0,1046.0,2.42,2.57,2.38,2.57,0.178930358695,0.09206976676092624,0.048156948989099994,0.2936574271424,172131.36926499996,2022-01-03T21:14:53.739Z,100
217.8,45.0,25.0,800.0,2.57,2.57,2.57,2.57,0.05684596148634,0.0220933053045,0.01471686903220152,0.1306545836290875,181133.502293,2022-01-02T21:14:21.218Z,100
45.0,40.0,1.25,642.62,2.57,2.57,2.57,2.57,0.025397326935315,0.020188918214,0.008372043773092901,0.06778727033460001,189532.37185499995,2022-01-01T21:14:03.193Z,100
6.66,67.0,3.33,1799.0,2.57,2.57,2.57,2.57,0.003026437776075,0.025022280006054,0.003026437776075,0.08087082329939999,229306.07102999996,2021-12-31T21:14:34.465Z,100
133.0,41.67,1.0,399.0,2.57,2.57,2.57,2.57,0.050129214502949986,0.016153846610602502,0.005947332537180001,0.15326695046827502,215462.37953399998,2021-12-30T21:14:06.290Z,100
30.1,30.0,1.7,851.83,2.57,2.57,2.57,2.57,0.014902855769479998,0.01271002791321,0.0022174864888005004,0.183400591775961,180678.02374600005,2021-12-29T21:14:29.902Z,100
33.0,101.0,1.05,880.0,2.57,2.54,2.43,2.61,0.014881656320070002,0.037832884988892,0.0011127437148484801,0.16534775943840002,172530.959471,2021-12-28T21:14:56.513Z,100
33.0,30.0,1.69,300.0,2.55,2.79,2.46,2.79,0.114591675906,0.01200618521847,0.001958131344588,0.114591675906,190247.13243999996,2021-12-27T21:14:38.019Z,100
30.0,30.0,1.0,297.0,2.76,2.81,2.76,2.91,0.016453873607184,0.013510592433720001,0.0007587188955918001,0.08393276212319999,183805.71520400004,2021-12-26T21:14:03.872Z,100
30.0,45.0,1.11,800.0,2.81,2.65,2.63,2.86,0.014992202201064002,0.02039906510505,0.0008987744187072002,0.037501506137400005,178273.83800400008,2021-12-25T21:14:38.408Z,100
36.0,30.0,1.13,800.0,2.61,2.5,2.44,2.62,0.024278704585650002,0.0160082116575,0.0009189632948580002,0.07879461514288001,184705.88374299995,2021-12-24T21:14:28.423Z,100
30.0,60.0,2.0,1111.0,2.51,2.67,2.49,2.7,0.024063003013653002,0.02734938235188,0.0010999838857727498,0.5991194904628503,183025.84516500006,2021-12-23T21:14:03.043Z,100
30.0,32.0,2.12,400.1,2.68,2.62,2.48,2.74,0.0233965458054,0.013137147441536,0.0032568341229755,0.03914341305415464,181447.95455999993,2021-12-22T21:14:23.488Z,100
30.0,32.0,1.0,412.0,2.64,2.31,2.31,2.66,0.02077453617228,0.012881755227264001,0.0016379572821150002,0.05999241338541,194716.25330099993,2021-12-21T21:14:01.506Z,100
100.0,36.0,1.32,472.79,2.3,2.19,2.12,2.38,0.0110531976507,0.01212081906582,0.0009442506768332199,0.0648205352008,181145.67236699988,2021-12-20T21:14:32.646Z,100
25.0,30.0,1.76,300.0,2.17,2.23,2.06,2.26,0.01635755751546,0.010094715923430002,0.00114373770771681,0.03680358615351001,196674.542423,2021-12-19T21:14:37.128Z,100
30.0,30.0,1.54,3000.0,2.24,2.199,2.171,2.28,0.035649757696000005,0.008365513415904,0.0008500720822137602,0.16062174832,179220.11174899995,2021-12-18T21:14:30.791Z,100
40.0,30.0,1.36,1890.0,2.21,2.027,2.027,2.247,0.013275625069069999,0.010774000737309003,0.0009603962108637601,0.037557577334320004,183403.35719600006,2021-12-17T21:14:47.421Z,100
38.0,32.0,1.0,800.0,2.027,2.148,2.021,2.16,0.012124869462648001,0.012194619166310403,0.00040450294398153606,0.08139151979577999,187490.50341099995,2021-12-16T21:14:18.635Z,100
30.0,80.0,1.22,375.0,2.135,2.139,2.08,2.2,0.0088110853908,0.020979807751751997,0.0006643039595086439,0.0588475952276,172215.564725,2021-12-15T21:14:48.979Z,100
130.0,44.0,1.84,563.26,2.177,1.864,1.85,2.181,0.034468049627648,0.0179737778830368,0.00107304823676352,0.1511705713175695,169507.791281,2021-12-14T21:14:25.423Z,100
35.0,3.0,2.0,1000.0,1.844,1.794,1.748,1.869,0.010717439705832001,0.0011499915175632,0.0011097429067998001,0.07856242802447824,191182.743253,2021-12-13T21:14:32.721Z,100
33.0,12.0,1.0,1000.0,1.807,2.108,1.761,2.108,0.014340913268655999,0.005284998604660801,0.0005797206556006801,0.1215686071170371,179961.45227599997,2021-12-12T21:14:49.643Z,100
33.0,30.0,1.0,453.0,2.115,2.074,2.034,2.142,0.012315815572635003,0.008612489861424,0.000402503357091,0.12190106275178002,182427.73162799998,2021-12-11T21:14:39.009Z,100
33.3,45.0,1.17,1200.0,2.099,2.203,2.017,2.203,0.016651300825876503,0.017845592462649,0.0006557376223817101,0.0758839326989952,210149.56303200006,2021-12-10T21:14:17.508Z,100
31.0,159.44,1.12,555.5,2.205,2.122,2.063,2.287,0.010285266593385,0.05761177415719584,0.0010506143133188,0.05761177415719584,182427.22063900012,2021-12-09T21:14:01.029Z,100
30.0,50.0,1.0,1033.0,2.087,2.447,2.071,2.452,0.013077918243997502,0.023269867712145002,0.000541262331461376,0.09245072959205211,174246.97574299996,2021-12-08T21:14:42.952Z,100
30.0,37.14,1.12,1000.0,2.475,2.39,2.227,2.549,0.0116718787053,0.01491110178503508,0.00061506970428984,0.05850797344068001,170882.92612200003,2021-12-07T21:14:32.355Z,100
100.0,80.0,1.12,310.0,2.315,2.017,2.017,2.418,0.02403862895037,0.02348328773836,0.0008291073813941101,0.054912989805036005,177114.70468199998,2021-12-06T21:14:58.337Z,100
99.0,30.0,1.1,340.0,2.017,2.017,2.017,2.017,0.010516393008927299,0.012804800541230999,0.000712545590034289,0.11357643064562,232641.2398569999,2021-12-05T21:14:46.129Z,100
30.0,30.0,1.0,432.0,2.017,1.956,1.896,2.193,0.014473100802668998,0.010636442347716001,0.0011961654925140002,0.3324992217533666,214515.132642,2021-12-04T21:14:39.266Z,100
30.0,30.0,3.0,3351.14,1.996,2.324,1.698,2.324,0.0319743843774,0.010756149569172,0.0034795299802032,0.2186215786455,163119.567226,2021-12-03T21:14:27.895Z,100
30.0,30.0,1.11,850.0,2.211,2.077,2.077,2.235,0.008770940063127,0.016142856444429,0.0042631852190048005,0.097917414865998,176548.17334600005,2021-12-02T21:14:54.389Z,100
40.0,50.0,1.47,600.0,2.092,1.948,1.931,2.19,0.012760331474820003,0.025391222713840002,0.0009760847248554332,0.16191821298618,184912.15047699996,2021-12-01T21:14:14.054Z,100
160.5,33.0,1.22,1000.0,1.951,1.742,1.742,2.018,0.04340478484547199,0.009807338100588602,0.00039218023689639606,0.11229115804143601,186137.39016399995,2021-11-30T21:14:44.439Z,100
30.0,30.0,2.12,583.0,1.742,1.742,1.742,1.742,0.0097540889797494,0.005573450353926,0.000862320027160592,0.08082008498844022,180375.74922099992,2021-11-29T21:14:28.352Z,100
33.3,25.0,6.0,411.0,1.742,1.602,1.602,1.749,0.01701317415616,0.008982638075745,0.0019211238793656004,0.048786168197304004,190494.35578699998,2021-11-28T21:14:08.858Z,100
30.0,37.5,2.12,348.0,1.596,1.592,1.518,1.621,0.013083700310352003,0.00898165456347,0.0008866943815752003,0.04172034239316001,217170.70592499993,2021-11-27T21:14:27.685Z,100
35.0,55.0,2.0,600.0,1.598,1.7,1.598,1.721,0.019096073990952006,0.024678294040949997,0.0007164993435866641,0.150232640388198,192024.20344400004,2021-11-26T21:14:08.881Z,100
40.0,35.0,2.2,2000.0,1.691,1.855,1.605,1.943,0.009578104514071501,0.010682204300355,0.0024867032820014,0.364100993152,165119.98084799998,2021-11-25T21:14:37.239Z,100
30.0,30.0,5.0,1000.0,1.85,1.7,1.7,1.896,0.016762946514500002,0.011423108295600002,0.0020763179294742,0.11435607018547381,176787.66236899997,2021-11-24T21:14:25.497Z,100
30.0,30.0,3.0,960.0,1.7,1.7,1.7,1.7,0.01087804715934,0.0191398011996,0.0031479147158580004,0.060959673142,214601.8247690001,2021-11-23T21:14:37.242Z,100
30.0,32.0,5.0,531.0,1.7,1.538,1.538,1.7,0.03708523369024,0.0081479782772864,0.0007455938721210001,0.172121373135,197277.663332,2021-11-22T21:14:39.249Z,100
50.0,50.0,2.0,1102.0,1.547,1.633,1.535,1.636,0.008206488946929,0.011774319111240002,0.005729228661084001,0.09927151963253168,196971.82385800005,2021-11-21T21:14:30.588Z,100
30.0,30.0,1.05,300.0,1.636,1.632,1.605,1.676,0.01596717204814,0.0072698169536639995,0.00045707322293094004,0.037020353455678,191615.16932400002,2021-11-20T21:14:36.728Z,100
30.0,30.0,1.0,335.0,1.628,1.595,1.569,1.648,0.007693658616467999,0.010598650566075002,0.00043577120095739997,0.07668813864868584,175303.01077,2021-11-19T21:14:53.974Z,100
30.0,30.0,1.0,167.0,1.599,1.528,1.481,1.623,0.007862259288429001,0.009863779382472,0.0002524801654818,0.015283168111255,175247.75771900002,2021-11-18T21:14:29.643Z,100
30.0,30.0,1.0,153.0,1.53,1.629,1.47,1.673,0.010334123663759999,0.010831152717207,0.000361000635495552,0.03202730958044772,177114.796061,2021-11-17T21:14:03.152Z,100
30.0,30.0,1.0,103.0,1.646,1.559,1.497,1.658,0.009744858640332,0.005122155971370001,0.0003532503152409,0.015326816503950002,197108.41427999988,2021-11-16T21:14:04.813Z,100
30.0,30.0,1.0,160.0,1.53,1.7,1.49,1.707,0.00509447749968,0.011455506678,0.0002984906576778,0.015454842732953998,194038.744251,2021-11-15T21:14:22.651Z,100
30.0,30.0,1.0,100.0,1.698,1.714,1.697,1.765,0.01147731424659,0.011984818949208,0.0004667017479381001,0.051360350946563604,245290.14152800004,2021-11-14T21:14:42.174Z,100
30.0,30.0,1.0,100.0,1.714,1.741,1.69,1.774,0.023233917936564003,0.016227705782886005,0.0006274277137507602,0.023233917936564003,254966.4239229999,2021-11-13T21:14:58.353Z,100
30.0,30.0,1.0,83.0,1.746,1.724,1.702,1.761,0.0013699807997767201,0.009622344995639999,0.0008260280111748,0.029411410079268004,252614.29639500004,2021-11-12T21:14:07.835Z,100
30.0,30.0,1.0,100.0,1.721,1.768,1.652,1.787,0.008097468629238,0.008819247428160001,0.00036582077294712004,0.020163342094662005,214758.41491100003,2021-11-11T21:14:07.852Z,100
30.0,42.08,1.0,184.8,1.758,1.727,1.597,1.769,0.0024533183452392004,0.006251290902796192,0.0003398441534972001,0.0395653366934364,220057.886386,2021-11-10T21:12:53.211Z,100
50.0,30.0,1.0,66.67,1.711,1.8,1.711,1.889,0.007266951067617001,0.009271919566800001,0.000484267318363752,0.0198664639333776,177829.25167500007,2021-11-09T21:14:54.881Z,100
62.5,30.0,1.0,78.0,1.803,1.884,1.801,1.895,0.0066923562030984,0.010028743490304,0.0002894687686736,0.01733887257312,186837.03058399996,2021-11-08T21:14:02.766Z,100
30.0,30.0,1.0,120.0,1.878,1.892,1.866,1.929,0.01136268291942,0.011818014902496,0.0003586395387792,0.017091855548010005,186681.99549299994,2021-11-07T21:14:35.269Z,100
30.0,30.0,1.0,93.5,1.886,1.888,1.854,1.91,0.009555975326622,0.011762004945888001,0.0003251143066459,0.0149175020739,180856.53630999997,2021-11-06T21:14:08.605Z,100
30.0,30.0,1.0,50.0,1.882,1.887,1.814,1.92,0.0005466220285408641,0.010982063069541002,0.00036327050084784,0.018189935936961,179463.48153999995,2021-11-05T21:14:55.628Z,100
30.0,30.0,1.0,100.0,1.871,1.918,1.869,1.949,0.0077601204642930004,0.009365979888174,0.0003313506116898,0.016670879413350402,172413.182195,2021-11-04T21:14:12.987Z,100
30.0,30.0,1.0,50.0,1.912,2.053,1.875,2.061,0.000507184714464,0.008205520920876,0.000507184714464,0.018578255375394002,177680.37843199997,2021-11-03T21:14:06.594Z,100
12.0,30.0,1.0,100.0,2.039,1.91,1.907,2.138,0.0012751395948228002,0.0092403651441,0.0002707483323684,0.022611977144412,163240.01697299996,2021-11-02T21:14:47.531Z,100
30.0,30.0,1.0,100.0,1.914,1.832,1.832,1.968,0.009979294533516,0.007866775274424,0.00032430685215060004,0.022751225176067997,154839.45562899995,2021-11-01T21:14:21.345Z,100
30.0,30.0,1.0,200.0,1.832,1.832,1.832,1.832,0.007361069336736001,0.009331704720288,0.0005144901876180001,0.0179184702535344,185089.52672499995,2021-10-31T21:14:08.722Z,100
30.0,30.0,1.16,101.0,1.832,1.876,1.817,1.965,0.009820470941736,0.011335493260056,0.0006524499288912,0.017815839452388002,181844.17240199997,2021-10-30T21:14:47.972Z,100
2.0,30.0,1.0,101.0,1.902,2.02,1.871,2.026,0.016791827379930003,0.00844414479804,0.0003314899887292,0.016791827379930003,168156.41990800004,2021-10-29T21:14:35.254Z,100
30.0,30.0,1.0,151.1,2.017,2.058,1.937,2.212,0.009735248129694,0.005717359062702,0.0004468218239568,0.021178518246269994,133274.24588399995,2021-10-28T21:14:29.045Z,100
30.0,30.0,1.0,500.0,2.059,1.791,1.777,2.059,0.009865351892058002,0.006933256787232,0.0003997165842507,0.06407953116908001,156917.68286300005,2021-10-27T21:14:33.145Z,100
1.0,30.0,1.0,222.0,1.769,1.799,1.673,1.929,0.002222244292544,0.008873217921918,0.0004382798891039801,0.019961395703828502,158801.07735500002,2021-10-26T21:14:59.289Z,100
30.0,30.0,1.0,50.0,1.81,1.632,1.632,1.844,0.008511775529340002,0.00910492267968,0.00052097613592585,0.017212211795376,169248.99481000003,2021-10-25T21:14:44.011Z,100
30.0,1.65,1.0,63.0,1.631,1.577,1.564,1.678,0.007520812096665,0.00033284255409652503,0.0002905467686784,0.014949246088188,178301.3048289999,2021-10-24T21:14:16.624Z,100
30.0,30.0,1.0,75.0,1.571,1.621,1.532,1.639,0.008038480715868,0.008428167316014,0.0002719307054032,0.012898002853224,185014.743789,2021-10-23T21:14:12.415Z,100
30.0,30.0,1.0,50.0,1.625,1.517,1.499,1.672,0.010140564252,0.009743813644899,0.00040903509953124005,0.016981887953538,178635.91860500004,2021-10-22T21:14:23.078Z,100
30.0,30.0,1.0,61.0,1.519,1.516,1.505,1.566,0.008226997503564,0.007715447341392,0.00026379660346799997,0.010920571956756001,160143.74031300007,2021-10-21T21:14:35.807Z,100
30.0,30.0,1.0,55.0,1.513,1.518,1.483,1.618,0.007806204122786999,0.007545338718588002,0.0002905255352528,0.02072650556935,190270.08447100007,2021-10-20T21:14:19.795Z,100
30.0,30.0,1.0,86.96,1.52,1.446,1.446,1.547,0.01108031367144,0.008662951009692,0.00023056797898290005,0.017063813907534003,191497.70038899995,2021-10-19T21:14:18.894Z,100
30.0,30.0,1.0,93.0,1.44,1.469,1.44,1.479,0.010097730514080002,0.008318021994204002,0.00023539967266530002,0.022396426189884,173468.8250500001,2021-10-19T14:50:20.893Z,100
30.0,30.0,1.0,246.96,1.477,1.42,1.417,1.611,0.0068738970944280005,0.01121647896984,0.0002598056212752,0.021178296167700002,187889.56594800003,2021-10-17T21:13:35.866Z,100
30.0,30.0,1.0,50.0,1.413,1.51,1.413,1.543,0.008959486467402,0.004752687266610001,0.000268799210521,0.013855567745639999,183768.4324090001,2021-10-16T21:14:21.219Z,100
30.0,30.0,1.0,59.0,1.517,1.503,1.493,1.594,0.007207391494122001,0.006932915029251,0.00038230424933040005,0.012073163052224998,167084.11417599992,2021-10-15T21:14:08.006Z,100
30.0,30.0,1.0,301.0,1.519,1.251,1.242,1.588,0.0014228475983316,0.010341205887879,0.00027569376185580005,0.026375897809440007,159381.92696800004,2021-10-14T21:14:39.144Z,100
30.0,30.0,1.0,78.41,1.247,1.238,1.234,1.286,0.005905674163488002,0.0034335218471880005,0.00027622917176,0.012758310788508,163942.48185900002,2021-10-13T21:14:02.018Z,100
30.0,30.0,1.0,50.0,1.234,1.22,1.194,1.257,0.0040771433213219995,0.00566529885492,0.00024308751637760003,0.01228403093316,173883.196764,2021-10-12T21:14:34.299Z,100
30.0,30.0,1.0,60.0,1.217,1.223,1.159,1.243,0.001268294812124,0.006183080607693,0.0005055317418960001,0.01653265215129,186896.53687599997,2021-10-11T21:14:28.564Z,100
30.0,30.0,1.33,60.5,1.229,1.26,1.219,1.305,0.006915248752557001,0.00683093684322,0.0004572077127656,0.009695256980949,189096.68345700004,2021-10-10T21:14:26.587Z,100
30.0,30.0,1.0,40.0,1.284,1.341,1.284,1.355,0.008153039346228,0.007899079750344,0.000265748026104,0.0134797419528,183981.21810799994,2021-10-09T21:14:22.291Z,100
30.0,30.0,1.0,51.0,1.344,1.342,1.332,1.374,0.006484856039424002,0.0062240611853640005,0.000181900236683208,0.009865170812952002,164116.574003,2021-10-08T21:14:13.465Z,100
30.0,30.0,1.0,65.0,1.34,1.291,1.272,1.436,0.01025120888322,0.007974651350583001,0.00017514579335760002,0.011133981634353002,169728.0612050001,2021-10-07T21:14:12.790Z,100
30.0,30.0,1.0,345.0,1.29,1.262,1.233,1.302,0.00741017700927,0.0048015300584940005,0.0001730188632322,0.01404521534642864,159875.92366299994,2021-10-06T21:15:00.004Z,100
30.0,2.0,1.0,120.0,1.261,1.313,1.211,1.32,0.006840836264691,0.0003193817619226,0.0003193817619226,0.0168379148775,156306.53260799995,2021-10-05T21:14:59.323Z,100
30.0,2.1,1.0,86.9,1.312,1.268,1.263,1.335,0.0061428804648,0.00024944331371232003,0.0001398393690684,0.011604911366964,177197.17570499997,2021-10-04T21:14:31.879Z,100
30.0,1.0,1.0,149.0,1.274,1.29617007,1.245,1.32559694,0.005456396298990001,0.0002385324497985457,0.0002385324497985457,0.018617239695600005,162356.726252,2021-10-03T22:36:47.000Z,100
2.0,30.0,1.0,61.0,1.29617007,1.26776634,1.26776634,1.29617007,0.0005006080783113449,0.006263536603939533,9.734634955485979e-05,0.00860151096045374,150265.86255999998,2021-10-02T21:15:13.000Z,100
2.66,1.01,1.0,99.0,1.26776634,1.12842117,1.12842117,1.26776634,0.0002989110675868751,9.440106017462283e-05,7.552697752846293e-05,0.016579740434381103,178919.17281699996,2021-10-01T21:17:16.000Z,100
1.0,2.0,1.0,88.0,1.12842117,1.10073465,1.10073465,1.12842117,0.00010343444025391747,0.0005786185487121827,0.00010104621077725384,0.008669444564292661,173821.340174,2021-09-30T21:08:37.000Z,100
1.11,1.0,1.0,100.0,1.10073465,1.04752272,1.04752272,1.10073465,0.0002872530554313907,0.00028270222195923367,0.00010136934235280916,0.02291185251131003,161842.87106299997,2021-09-29T21:14:35.000Z,100
4.93,2.0,1.0,100.0,1.04752272,1.08508583,1.04752272,1.08508583,0.0012788294413136508,0.00015269289583037067,7.094832782185785e-05,0.018689356035533785,148006.29755799996,2021-09-28T21:18:20.000Z,100
2.0,50.0,1.0,140.0,1.08508583,1.12647293,1.08508583,1.12647293,0.00022780862257833963,0.006052461534655322,7.575016591828828e-05,0.025322534256481753,167403.68669800003,2021-09-27T21:12:11.000Z,100
1.1,2.84,1.0,116.0,1.12647293,1.12650323,1.12647293,1.12650323,0.0003394311503015847,0.00036489312096072514,7.268857719758295e-05,0.00821561103377597,170016.029231,2021-09-26T21:17:42.000Z,100
20.0,20.0,1.0,111.0,1.12650323,1.12720979,1.12650323,1.12720979,0.0013990706921001889,0.0012607324314754152,7.785581113429762e-05,0.009536338335318497,136256.88772700005,2021-09-25T21:10:54.000Z,100
1.1,9.0,1.0,138.0,1.12720979,1.22516856,1.12720979,1.22516856,0.000396787568749139,0.000843733338034467,5.6748230205355774e-05,0.008472718756789574,186830.63922,2021-09-24T21:15:37.000Z,100
1.53,1.2,1.0,100.0,1.22516856,1.220281,1.220281,1.22516856,0.0007788680676105811,0.00023508401346406945,8.821799654617011e-05,0.01038752519427508,181019.529681,2021-09-23T21:13:44.000Z,100
1.0,5.0,1.0,100.0,1.220281,1.04149127,1.04149127,1.220281,0.0002681087028940184,0.0004299606042388202,5.8135556888527695e-05,0.007787807728301809,175629.01510800008,2021-09-22T21:10:18.000Z,100
1.12,40.35,1.0,977.87,1.04149127,1.13465347,1.04149127,1.13465347,0.00016137489144059277,0.0052539899594346495,8.524375251213615e-05,0.1421110825745465,172672.70372199998,2021-09-21T21:15:21.000Z,100
56.96,9.22,1.0,350.0,1.13465347,1.31722945,1.13465347,1.31722945,0.004821283980566501,0.001801501965113332,5.63275626458435e-05,0.08624209037717318,158983.487305,2021-09-20T21:10:03.000Z,100
16.36,1.68,1.0,225.0,1.31722945,1.36435679,1.31722945,1.36435679,0.003340517270285292,0.0006789921878443384,0.00012429750006814455,0.04114415995472193,153672.87434,2021-09-19T21:16:09.000Z,100
68.05,1.1,1.0,320.5,1.36435679,1.41781392,1.36435679,1.41781392,0.00713699727656359,0.0003251331723950813,9.002278956663892e-05,0.034768131898093135,195201.783091,2021-09-18T21:24:39.000Z,100
1.0,20.0,1.0,249.0,1.41781392,1.38496712,1.38496712,1.41781392,0.0003772384491020067,0.0016824976508160268,0.00010109010201300072,0.015149777880282442,194233.56307600002,2021-09-17T21:08:32.000Z,100
3.1,1.1,1.0,63.02,1.38496712,1.4107866,1.38496712,1.4107866,0.0008673028614936313,0.0004042108573861474,0.00010396210779558339,0.03179111323992288,157287.82501600002,2021-09-16T21:10:41.000Z,100
25.0,6.0,1.1,180.0,1.4107866,1.31859808,1.31859808,1.4107866,0.0075845628350316085,0.0006715017662102291,0.000164974374448881,0.04861793375258686,174367.83504799992,2021-09-15T21:12:03.000Z,100
6.38,1.0,1.0,224.96,1.31859808,1.25260879,1.25260879,1.31859808,0.0007690972450997308,9.969347150949656e-05,8.77386930410408e-05,0.05341295660192431,162960.05427600007,2021-09-14T21:15:17.000Z,100
1.1,2.0,1.0,90.86,1.25260879,1.33538555,1.25260879,1.33538555,0.0006068350992701389,0.0003421158308901152,9.954152874803033e-05,0.02272293535903525,182660.076182,2021-09-13T21:12:21.000Z,100
1.0,1.49,1.0,66.0,1.33538555,1.31078753,1.31078753,1.33538555,0.0003757861267705037,0.00020165184179577085,0.00010120681228248652,0.02224748542618583,187156.361166,2021-09-12T21:17:06.000Z,100
3.49,25.0,1.0,300.0,1.31078753,1.30046298,1.30046298,1.31078753,0.0006819542360838749,0.003671295895440471,6.773956372694422e-05,0.02335989052853689,148803.626951,2021-09-11T21:12:45.000Z,100
2.22,1.1,1.0,111.0,1.30046298,1.36543092,1.30046298,1.36543092,0.000276650389395913,0.0001103410898609388,7.157605028434329e-05,0.02206999141830783,152090.44776300006,2021-09-10T21:16:44.000Z,100
55.25,6.33,1.0,233.0,1.36543092,1.33654296,1.33654296,1.36543092,0.008107904856612835,0.007177251666353755,9.261274587906926e-05,0.05259337911198835,157338.30920399996,2021-09-09T21:20:26.000Z,100
1.0,7.0,1.0,251.0,1.33654296,1.36755939,1.33654296,1.36755939,0.0003563934572214721,0.0005942424773768847,9.927233541181243e-05,0.01855082721046163,153105.00132399995,2021-09-08T21:12:53.000Z,100
50.0,30.0,1.1,600.0,1.36755939,1.64888168,1.36755939,1.64888168,0.005076361528658042,0.007744002954974873,0.00014626459621862371,0.047688956180814826,127978.99606200002,2021-09-07T21:19:03.000Z,100
14.28,1.0,1.0,1133.2,1.64888168,1.67527689,1.64888168,1.67527689,0.0028104763395035348,0.00013547291384725439,0.00011830646561414208,0.11920946106442341,128939.31134800002,2021-09-06T21:12:25.000Z,100
1.1,1.0,1.0,220.0,1.67527689,1.73551113,1.67527689,1.73551113,0.0001406180477694627,0.00013730199740853106,9.161113814429723e-05,0.040012644479857244,136153.42775700006,2021-09-05T21:14:15.000Z,100
3.0,1.05,1.0,303.76,1.73551113,1.45251304,1.45251304,1.73551113,0.0003757688471263518,0.0003390569188594087,6.35439758379696e-05,0.0293611194795115,166250.20389599996,2021-09-04T21:11:17.000Z,100
1.0,1.0,1.0,100.0,1.45251304,1.44758825,1.44758825,1.45251304,0.00035578189975847633,8.766146239726035e-05,8.766146239726035e-05,0.013111276666317832,152048.81418099997,2021-09-03T21:11:39.000Z,100
2.0,1.0,1.0,287.0,1.44758825,1.45721586,1.44758825,1.45721586,0.0011536885766566599,0.00023614856245027322,0.00010223596083347985,0.033095711524804235,161024.58102899996,2021-09-02T21:14:58.000Z,100
1.11,1.13,1.0,188.0,1.45721586,1.35134753,1.35134753,1.45721586,0.00039409191492012675,0.00024997773689609175,7.088791770104207e-05,0.017105199162483115,139965.69832900004,2021-09-01T21:21:14.000Z,100
1.0,252.1,1.0,252.1,1.35134753,1.32219113,1.32219113,1.35134753,0.00010272624329369155,0.014681613878520247,8.79929648214391e-05,0.022788351164323754,141069.36821699998,2021-08-31T21:11:23.000Z,100
5.0,5.42,1.0,300.0,1.32219113,1.42276679,1.32219113,1.42276679,0.0011102418365148885,0.0017513443472065076,8.14486669381802e-05,0.02389021632400777,154768.17062699998,2021-08-30T21:12:44.000Z,100
1.76,5.0,1.0,257.9,1.42276679,1.45980875,1.42276679,1.45980875,0.00045820367275170034,0.0005138041055937483,3.925820843022342e-05,0.0171253157560655,154095.66975200002,2021-08-29T21:17:00.000Z,100
37.95,1.0,1.0,447.46,1.45980875,1.51022764,1.45980875,1.51022764,0.0036907568540825203,0.0003066946828415385,0.00010305260769169963,0.04582096090704788,172806.565695,2021-08-28T21:16:54.000Z,100
4.0,1.2,1.0,120.0,1.51022764,1.40387618,1.40387618,1.51022764,0.00037036097009183534,0.00029645021548779,7.14970829106932e-05,0.010638806970600217,189154.43349900004,2021-08-27T21:11:35.000Z,100
1.0,1.0,1.0,555.0,1.40387618,1.53212001,1.40387618,1.53212001,0.0001188277119836529,0.0002596274321756193,8.997083844825403e-05,0.060865871437709634,174774.34814800008,2021-08-26T21:17:12.000Z,100
9.86,3.0,1.0,999.0,1.53212001,1.48605251,1.48605251,1.53212001,0.0005697869396619345,0.00034455896381815806,8.508861740806523e-05,0.2560542232348776,161547.11176700005,2021-08-25T21:14:17.000Z,100
16.64,3.7,1.1,123.0,1.48605251,1.62477431,1.48605251,1.62477431,0.002891759456171926,0.0008303980374428435,9.729510544885536e-05,0.03816305835436279,166483.94939900006,2021-08-24T21:11:44.000Z,100
3.0,1.0,1.0,50.0,1.62477431,1.62869316,1.62477431,1.62869316,0.00202265042051646,0.00039871672943873974,0.00012489806888133816,0.02275590071521454,166774.85584799995,2021-08-23T21:14:47.000Z,100
3.0,1.11,1.0,300.0,1.62869316,1.58936126,1.58936126,1.62869316,0.0002950184970280934,0.00046879318148498227,0.0001307871173553697,0.03352064781774062,182255.210985,2021-08-22T21:15:06.000Z,100
6.25,10.0,1.0,120.0,1.58936126,1.54160693,1.54160693,1.58936126,0.0035949762339940006,0.0018983029008787222,0.00010000651665236872,0.025470870519961636,149023.40094000005,2021-08-21T21:14:19.000Z,100
1.37,1.11,1.0,180.0,1.54160693,1.41045735,1.41045735,1.54160693,0.0004685094723543608,0.0003484886431488836,0.00012183493383046394,0.025560188009693778,168213.53848500003,2021-08-20T21:09:08.000Z,100
2.0,1.2,1.0,135.0,1.41045735,1.35211338,1.35211338,1.41045735,0.0005220200078280995,0.0005027176664641503,0.00011111947071013587,0.021352625312599058,162899.622193,2021-08-19T21:13:36.000Z,100
1.2,6.0,1.0,100.02,1.35211338,1.35650342,1.35211338,1.35650342,0.0001163846329870842,0.0007231650599330941,0.00010065478696111767,0.01903914944577315,191592.43062199996,2021-08-18T21:10:43.000Z,100
1.0,1.0,1.0,100.0,1.35650342,1.42802184,1.35650342,1.42802184,0.00044395259211825054,0.00037539552525552006,9.12987015190867e-05,0.013428986979011895,194206.04744800003,2021-08-17T21:11:49.000Z,100
13.32,1.0,1.0,322.1,1.42802184,1.46772161,1.42802184,1.46772161,0.0075985811615960795,0.00031892272820806895,0.00011183217040701267,0.038976022451535405,190433.71292999998,2021-08-16T21:14:48.000Z,100
2.0,1.1,1.0,307.1,1.46772161,1.43922114,1.43922114,1.46772161,0.00022068047769048486,0.00011948574249346428,9.709278419276576e-05,0.02733678935702669,206595.64786400003,2021-08-15T21:19:07.000Z,100
10.0,1.0,1.0,123.0,1.43922114,1.50807281,1.43922114,1.50807281,0.0011438236750878782,0.000589055896659484,0.00012199767196092159,0.016193928368324846,213710.96814200003,2021-08-14T21:09:28.000Z,100
4.99,2.15,1.0,59.12,1.50807281,1.32577936,1.32577936,1.50807281,0.0013433530407313769,0.00018929776504906381,0.00011446505228375192,0.008387108800801901,224629.14314,2021-08-13T21:14:37.000Z,100
2.02,200.0,1.0,300.0,1.32577936,1.36590764,1.32577936,1.36590764,0.0009207284307010653,0.016452788686205644,0.0001053366861467041,0.02022091128940191,164808.666505,2021-08-12T21:18:42.000Z,100
10.2,1.12,1.0,111.0,1.36590764,1.15623404,1.15623404,1.36590764,0.0014973488219684535,0.00017415977899602433,9.110111958868074e-05,0.017441172627459516,167048.89883499994,2021-08-11T21:17:29.000Z,100
4.44,1.17,1.0,358.98,1.15623404,1.12615959,1.12615959,1.15623404,0.0005829775108509115,0.0002133655269212817,8.268830191125056e-05,0.03148369978995995,166976.32784400004,2021-08-10T21:18:58.000Z,100
1.05,1.2,1.0,300.0,1.12615959,1.08432356,1.08432356,1.12615959,0.000263820181808218,0.00011302403167971717,0.00011302403167971717,0.024407000953134347,162807.586961,2021-08-09T21:11:51.000Z,100
3.5,1.2,1.0,300.0,1.08432356,1.16890802,1.08432356,1.16890802,0.00027099967405692373,0.0001348032800240104,8.961302435012802e-05,0.015090376273234462,138333.79898699996,2021-08-08T21:13:39.000Z,100
1.5,2.7,1.0,309.73,1.16890802,1.08003532,1.08003532,1.16890802,0.0001233311764231465,0.0007142613998292864,6.740241904065451e-05,0.028165273365394553,151819.81918600004,2021-08-07T21:16:10.000Z,100
1.11,1.1,1.0,240.06,1.08003532,1.06395119,1.06395119,1.08003532,0.0003910402191952484,0.00022844589407854365,8.70560870153691e-05,0.042810698128535093,179879.03786799998,2021-08-06T21:19:38.000Z,100
5.0,10.0,1.0,224.96,1.06395119,1.05307622,1.05307622,1.06395119,0.001508611857517992,0.0011061942670146723,7.959347482544175e-05,0.015833355881681874,195950.64775799998,2021-08-05T21:26:11.000Z,100
1.9,10.0,1.0,530.67,1.05307622,1.02289251,1.02289251,1.05307622,0.0006567056260406985,0.0007745636116172001,7.422660444398505e-05,0.048164652418623874,167753.62698400003,2021-08-04T21:20:55.000Z,100
4.3,1.06,1.0,35.0,1.02289251,1.05100964,1.02289251,1.05100964,0.0006325585465493282,0.0002613905537383635,7.380964513082323e-05,0.002649422796275019,205880.71248699992,2021-08-03T21:16:23.000Z,100
1.06,11.0,1.0,168.0,1.05100964,1.04732418,1.04732418,1.05100964,0.0003010900474681304,0.0008030178503680728,7.68850471526634e-05,0.01475173100503672,188280.721952,2021-08-02T21:13:54.000Z,100
1.0,1.9,1.0,50.0,1.04732418,1.08647951,1.04732418,1.08647951,0.0002528023873910537,0.0004692453318012695,7.851727028156916e-05,0.014594081961047516,196008.64900000006,2021-08-01T21:09:31.000Z,100
1.9,2.0,1.05,16.65,1.08647951,1.05576123,1.05576123,1.08647951,0.00036608899455930143,0.00026366154704981,8.58952505014167e-05,0.006677286195437555,193048.79966500003,2021-07-31T21:11:23.000Z,100
2.0,35.7,1.0,50.0,1.05576123,1.0309233,1.0309233,1.05576123,0.00016550354008423136,0.019358529431021433,5.5884335096138286e-05,0.019358529431021433,168363.84395799995,2021-07-30T21:18:47.000Z,100
22.84,2.75,1.0,22.84,1.0309233,1.01736564,1.01736564,1.0309233,0.01518622261163657,0.0006128919975649469,7.183507240849753e-05,0.01518622261163657,146439.31089599995,2021-07-29T21:12:13.000Z,100
1.8,7.0,1.0,50.0,1.01736564,1.03693645,1.01736564,1.03693645,0.0002665602624860989,0.00028435534971228,3.9678773037048086e-05,0.0032265878850251256,117214.79358399994,2021-07-28T21:26:09.000Z,100
100.0,1.01,1.0,188.0,1.03693645,1.01535132,1.01535132,1.03693645,0.006398136651117613,0.00016340399867841398,7.051980123429379e-05,0.01046688992894195,116570.34499499995,2021-07-27T21:12:14.000Z,100
4.1,25.0,1.0,208.5,1.01535132,0.9410674,0.9410674,1.01535132,0.00027759717731954634,0.002570531644752708,6.149205291319278e-05,0.01686648132701872,122710.890221,2021-07-26T21:18:39.000Z,100
111.0,1.0,1.0,330.0,0.9410674,0.950941,0.9410674,0.950941,0.006714014479562039,0.000126669710773895,6.63670402187566e-05,0.020114904948734837,129869.49376800006,2021-07-25T21:19:49.000Z,100
1.1,1.0,1.0,20.0,0.950941,0.94284186,0.94284186,0.950941,0.00024091644601224822,0.00011026693054432713,7.617931294540001e-05,0.0009319823593502442,167335.93174899995,2021-07-24T21:13:49.000Z,100
1.32,2.11,1.0,100.0,0.94284186,0.89015697,0.89015697,0.94284186,0.0004928956646615743,0.00025222569510239103,6.22143462451169e-05,0.005944481111517696,167179.49504600003,2021-07-23T21:16:28.000Z,100
1.36,1.67,1.0,100.0,0.89015697,0.89166236,0.89015697,0.89166236,0.0004033247583873071,0.00018898953554594714,6.099714700726039e-05,0.005874575648421395,136534.31380600005,2021-07-22T21:18:02.000Z,100
2.1,1.1,1.0,152.0,0.89166236,0.6981701,0.6981701,0.89166236,0.0005059743087318228,5.6250144606730275e-05,5.6250144606730275e-05,0.019585888825237197,164109.138304,2021-07-21T21:12:39.000Z,100
2.12,5.05,1.0,60.5,0.6981701,0.73663149,0.6981701,0.73663149,0.00018127400356762185,0.000408997913287677,4.746003378594459e-05,0.0031362539283679466,145642.17096000002,2021-07-20T21:12:30.000Z,100
2.0,1.0,1.0,450.0,0.73663149,0.80197804,0.73663149,0.80197804,0.00017680977243417955,0.00016527353605333065,6.660971913567215e-05,0.021875208210530652,148052.52459699998,2021-07-19T21:09:29.000Z,100
1.0,1.01,1.0,996.0,0.80197804,0.8025229,0.80197804,0.8025229,0.0001398422960914685,0.00022368733052885624,5.3614791326519054e-05,0.06153729362262647,206441.88819200013,2021-07-18T21:18:58.000Z,100
1.01,2.0,1.0,1013.64,0.8025229,0.8120923,0.8025229,0.8120923,0.00011526973666207536,0.0002823240435294662,5.2170745885667084e-05,0.25750894029511323,213429.27774499994,2021-07-17T21:16:32.000Z,100
1.01,1.01,1.0,26.76,0.8120923,0.87449387,0.8120923,0.87449387,0.00018171738120251215,0.00013570077523911565,3.3929411445464335e-05,0.004638770525118998,169420.49182900004,2021-07-16T21:12:26.000Z,100
2.22,1.0,1.0,200.0,0.87449387,0.92932735,0.87449387,0.92932735,0.0005267342792066619,0.00011035607390260577,7.344507321360433e-05,0.017278584254936134,177169.00479099993,2021-07-15T21:18:19.000Z,100
1.0,2.22,1.0,300.0,0.92932735,0.9438397,0.92932735,0.9438397,0.0001283374536195503,0.000940209531555153,7.859361387905872e-05,0.029187496465006436,187948.160573,2021-07-14T21:12:27.000Z,100
8.0,2.12,1.0,103.0,0.9438397,0.99901791,0.9438397,0.99901791,0.0004441667004399148,0.0001701491425902466,6.054704028453124e-05,0.0066360370922803735,161101.65470100002,2021-07-13T21:12:11.000Z,100
2.0,3.0,1.0,100.0,0.99901791,1.04458698,0.99901791,1.04458698,0.00020667883564444211,0.00016443561565473747,8.356689953021158e-05,0.014265586852112905,163003.29032699994,2021-07-12T21:19:12.000Z,100
1.1,1.01,1.0,231.7,1.04458698,1.03507491,1.03507491,1.04458698,0.00018958851049903977,0.00010688538624326913,7.451346578426012e-05,0.016358470340739766,148287.847373,2021-07-11T21:23:03.000Z,100
1.38,1.0,1.0,98.71,1.03507491,1.05885125,1.03507491,1.05885125,0.0005996440346972632,0.00030876516365542137,5.3590511239516867e-05,0.004800500647992718,158145.185083,2021-07-10T21:14:04.000Z,100
1.0,3.0,1.0,303.0,1.05885125,1.04467768,1.04467768,1.05885125,0.00010630161535072214,0.00027493058289020745,5.7247561362428875e-05,0.013570599677878629,147754.032626,2021-07-09T21:20:51.000Z,100
1.11,10.0,1.0,333.0,1.04467768,1.12972722,1.04467768,1.12972722,0.00012290292751461455,0.0006433851230589264,7.855911848674342e-05,0.021935428512058507,121699.717944,2021-07-08T21:17:34.000Z,100
111.0,10.0,1.0,111.0,1.12972722,1.13002195,1.12972722,1.13002195,0.0077834014258132515,0.000587602602088834,6.533642141291512e-05,0.0077834014258132515,180562.04738300003,2021-07-07T21:09:50.000Z,100
4.0,1.11,1.0,20.0,1.13002195,1.10521282,1.10521282,1.13002195,0.00028233683172396254,7.450618435292822e-05,7.203122154560398e-05,0.0017792794423981744,209996.09001400004,2021-07-06T21:11:12.000Z,100
1.0,200.0,1.0,200.0,1.10521282,1.14838344,1.10521282,1.14838344,0.00012393751855617434,0.020974465276982233,6.621980554990109e-05,0.020974465276982233,151063.60727500002,2021-07-05T21:18:41.000Z,100
2.0,3.0,1.0,222.0,1.14838344,1.11589507,1.11589507,1.14838344,0.00046149282881835133,0.0004157706643280234,7.133327554713965e-05,0.012400751223462212,186885.43126699995,2021-07-04T21:13:12.000Z,100
2.0,1.0,1.0,50.5,1.11589507,1.10761114,1.10761114,1.11589507,0.00020500972256933198,0.0007253009585286255,6.725016036079317e-05,0.0031538428039960087,173880.07634699997,2021-07-03T21:10:37.000Z,100
3.0,1.0,1.0,52.0,1.10761114,1.08072019,1.08072019,1.10761114,0.00021707745992349863,7.60029908050182e-05,7.467090744303954e-05,0.006915147378318367,156101.224077,2021-07-02T21:13:55.000Z,100
1.0,1.0,1.0,100.0,1.08072019,1.16349019,1.08072019,1.16349019,9.739462953477416e-05,0.0002761925135822656,6.696236777567776e-05,0.012116020337573702,166629.487598,2021-07-01T21:10:54.000Z,100
1.0,1.0,1.0,100.02,1.16349019,1.17478642,1.16349019,1.17478642,0.0002132911924311599,0.0003516776940565386,6.958307241763346e-05,0.012851586573185565,119678.16973299997,2021-06-30T21:10:34.000Z,100
5.0,1.0,1.0,101.0,1.17478642,1.12642683,1.12642683,1.17478642,0.0005149458830851523,0.00010280491758237541,6.020923056814981e-05,0.008784693345436375,115995.08049900005,2021-06-29T21:12:33.000Z,100
1.0,1.0,1.0,100.0,1.12642683,1.10813529,1.10813529,1.12642683,0.00010282217354026956,0.0003137351625753022,4.5585472253607874e-05,0.005564637792351905,136224.95265,2021-06-28T21:12:12.000Z,100
1.23,2.0,1.0,10.0,1.10813529,1.06204506,1.06204506,1.10813529,9.197301514312616e-05,0.00018811307255052533,6.818711039338397e-05,0.0009823647514649073,132339.706253,2021-06-27T21:09:54.000Z,100
1.5,1.11,1.0,50.0,1.06204506,1.0532137,1.0532137,1.06204506,0.0002755864534353468,0.0001195098070111786,6.557791868627614e-05,0.0027011213925295288,140579.1072,2021-06-26T21:17:27.000Z,100
2.0,1.49,1.0,10.0,1.0532137,1.20255377,1.0532137,1.20255377,0.00027750396829927926,0.00014822762303739816,7.08309685907768e-05,0.0014789836885329248,170659.09793600003,2021-06-25T21:13:39.000Z,100
1.22,1.25,1.0,20.0,1.20255377,1.17584636,1.17584636,1.20255377,8.628898745058488e-05,0.000505058546700858,7.282796327309341e-05,0.002021638411408092,237208.43449000013,2021-06-24T21:09:46.000Z,100
1.25,2.6,1.0,55.0,1.17584636,1.07098902,1.07098902,1.17584636,0.0004138375156394676,0.00034094769966760594,7.329482111615743e-05,0.013747281564911578,162331.42177700004,2021-06-23T21:16:01.000Z,100
1.0,15.0,1.0,333.0,1.07098902,1.09995615,1.07098902,1.09995615,0.0003350168379974812,0.0006966048828892338,6.941678851560997e-05,0.019818397771573064,166102.57506599993,2021-06-22T21:12:24.000Z,100
5.55,5.19,1.0,62.0,1.09995615,1.40024665,1.09995615,1.40024665,0.000931053396699354,0.00044993745890744365,6.288104475716879e-05,0.01002898938739617,121438.311227,2021-06-21T21:17:07.000Z,100
1.49,2.0,1.0,50.0,1.40024665,1.36052333,1.36052333,1.40024665,0.0004846152546219823,0.0009235620436993602,8.114959280818345e-05,0.009462031788604105,156645.742177,2021-06-20T21:13:46.000Z,100
1.11,2.0,1.0,1000.0,1.36052333,1.3782753,1.36052333,1.3782753,0.00014964196854899117,0.000375470602660069,0.00010712810109185252,0.08752327492212436,178814.731574,2021-06-19T21:12:01.000Z,100
5.0,25.0,1.0,105.0,1.3782753,1.508973,1.3782753,1.508973,0.0004930792372924219,0.0024878493683001,9.247716373126694e-05,0.008559049114447723,160483.11751100005,2021-06-18T21:13:13.000Z,100
3.0,3.11,1.0,233.09,1.508973,1.47318623,1.47318623,1.508973,0.0006748806517178005,0.0003181732070400731,8.556610378881546e-05,0.01916249532153543,140460.00836599994,2021-06-17T21:13:37.000Z,100
1.0,1.11,1.0,500.0,1.47318623,1.64103427,1.47318623,1.64103427,0.00023468173320012001,9.017090477779243e-05,7.05797400039514e-05,0.05002878563258341,111911.50100800002,2021-06-16T21:11:04.000Z,100
1.0,1.0,1.0,55.0,1.64103427,1.54880473,1.54880473,1.64103427,0.00010667282790765324,0.0001818111339410553,0.00010509401213917287,0.00798024143536403,111094.00163299998,2021-06-15T21:18:57.000Z,100
1.0,1.02,1.0,5.0,1.54880473,1.47164379,1.47164379,1.54880473,0.0001549459652921714,0.00012551114997431812,9.093552782362713e-05,0.0007316560812833056,109865.395183,2021-06-14T21:17:24.000Z,100
1.0,1.0,1.0,5.69,1.47164379,1.34966854,1.34966854,1.47164379,0.0001601633645949207,0.0002151843727674904,6.938268980397324e-05,0.0011403885002149354,105118.509356,2021-06-13T21:08:45.000Z,100
1.0,1.02,1.0,5.0,1.34966854,1.25148297,1.25148297,1.34966854,0.00013926396905274133,0.00011731970444877688,8.880176488350341e-05,0.0009234787329452985,109820.20472,2021-06-12T21:09:11.000Z,100
1.0,1.02,1.0,2.0,1.25148297,1.36394,1.25148297,1.36394,0.00014648456947162735,0.0001374738434616169,7.842379047810485e-05,0.0006527743671592333,110364.40868300002,2021-06-11T21:12:41.000Z,100
1.0,2.0,1.0,10.1,1.36394,1.50004335,1.36394,1.50004335,0.000141043847271866,0.00027224912097221756,0.000103218882333422,0.001059102108418896,110429.440489,2021-06-10T21:16:54.000Z,100
1.0,1.02,1.0,24.7,1.50004335,1.48478727,1.48478727,1.50004335,0.00017971873752141586,0.00014071549995695225,8.411594971087514e-05,0.003258771350770358,107852.54773800002,2021-06-09T21:17:41.000Z,100
1.02,1.02,1.0,1.11,1.48478727,1.47672389,1.47672389,1.48478727,0.00010938706392689767,0.00013577798966306283,8.384264462112878e-05,0.0002603228252279807,92749.52744900002,2021-06-08T21:15:39.000Z,100
1.0,1.0,1.0,1.02,1.47672389,1.57913499,1.47672389,1.57913499,0.0001549404772518106,0.00013104257101918834,8.57600483737661e-05,0.0002571351425988828,89782.482426,2021-06-07T21:17:33.000Z,100
1.0,1.02,1.0,19.3,1.57913499,1.52280018,1.52280018,1.57913499,0.00012275042280516252,0.00013179540070098355,8.124493107582821e-05,0.004257965181341982,87638.12952699998,2021-06-06T21:21:19.000Z,100
1.02,1.0,1.0,11.09,1.52280018,1.63057917,1.52280018,1.63057917,0.00013246563882113907,0.00014132220372088731,7.893672863258498e-05,0.0008645243618596535,82391.65473099997,2021-06-05T21:16:39.000Z,100
1.0,1.0,1.0,5.0,1.63057917,1.83049643,1.63057917,1.83049643,0.00011517769950092439,0.00020547176243305103,7.521522420948539e-05,0.000415306059876091,82905.50828200001,2021-06-04T21:16:36.000Z,100
1.0,1.0,1.0,5.0,1.83049643,1.80380758,1.80380758,1.83049643,0.00012022314573762769,0.00014986505286779082,8.153809462911965e-05,0.0004197471266608701,82762.38073000002,2021-06-03T21:10:15.000Z,100
1.0,1.0,1.0,2.0,1.80380758,1.82505044,1.80380758,1.82505044,0.00020757975397320082,0.00012384736786056122,8.205761994798053e-05,0.000463405833484215,79779.01015499998,2021-06-02T21:13:32.000Z,100
1.0,1.0,1.0,12.0,1.82505044,1.8780555,1.82505044,1.8780555,0.0001490610853920069,0.0001530087898930322,8.603521198111277e-05,0.0028151556505491503,76762.58156299999,2021-06-01T21:09:16.000Z,100
1.0,1.0,1.0,7.5,1.8780555,1.84345666,1.84345666,1.8780555,0.00017628506832954228,9.793079300536728e-05,8.073517855826624e-05,0.0034053872086250206,96154.47867599996,2021-05-31T21:14:08.000Z,100
1.0,1.0,1.0,1.13,1.84345666,1.68788416,1.68788416,1.84345666,0.00014320524371878,0.0001182462721122095,8.983731844408526e-05,0.00031114721096887877,77137.39129299998,2021-05-30T21:14:33.000Z,100
1.11,1.0,1.0,2.01,1.68788416,1.83064798,1.68788416,1.83064798,0.00012838158767759924,0.00016673580831254935,8.714593702080571e-05,0.0002642180781534464,76436.90937,2021-05-29T21:10:33.000Z,100
1.0,1.0,1.0,1.11,1.83064798,2.03585078,1.83064798,2.03585078,0.00017552406441912,0.0002556507682827728,9.120169079482982e-05,0.0003253916795946344,78431.47582499999,2021-05-28T21:15:24.000Z,100
1.0,1.0,1.0,16.01,2.03585078,2.21559524,2.03585078,2.21559524,0.0001805501491513269,0.0002257348245293157,9.047238801175057e-05,0.002351500882918557,77374.09562800002,2021-05-27T21:09:21.000Z,100
1.0,1.0,1.0,1.13,2.21559524,1.9260222,1.9260222,2.21559524,0.00013710074032794977,0.00015501989249265614,0.00011253826854852199,0.00044210421675627034,77480.36891900002,2021-05-26T21:17:43.000Z,100
1.01,1.03,1.0,2.01,1.9260222,1.70012558,1.70012558,1.9260222,0.00015127439791924445,0.0001056902969582121,8.346884341124389e-05,0.00036566450988518727,82292.29033200002,2021-05-25T21:17:38.000Z,100
1.0,1.0,1.0,3.0,1.70012558,1.10051021,1.10051021,1.70012558,0.00010712367000400102,0.00022221514860207823,7.2557518553468e-05,0.0004301236155575426,82585.85714699997,2021-05-24T21:10:29.000Z,100
1.0,1.11,1.0,30.0,1.10051021,1.19993278,1.10051021,1.19993278,0.00015804965154246565,8.319603472838193e-05,5.979119837621584e-05,0.0017074024291591772,92832.700273,2021-05-23T21:15:45.000Z,100
1.11,1.0,1.0,7.5,1.19993278,1.48155813,1.19993278,1.48155813,9.788157205304895e-05,0.00011786478633595832,6.104398436791703e-05,0.0007659838907320308,95235.77985900003,2021-05-22T21:16:19.000Z,100
1.0,21.0,1.0,21.0,1.48155813,1.82412737,1.48155813,1.82412737,0.0001984794658312035,0.0034033953360941946,7.844732870052616e-05,0.0034033953360941946,79209.57502399999,2021-05-21T21:20:25.000Z,100
1.11,1.11,1.0,8.0,1.82412737,1.69609146,1.69609146,1.82412737,0.0001135921203262573,0.0003111234096601273,7.479840852103851e-05,0.0019112045468255424,112560.66620400004,2021-05-20T21:14:49.000Z,100
1.0,1.0,1.0,2.01,1.69609146,2.45004607,1.69609146,2.45004607,0.0005330110369814797,0.0003225742749189401,7.455023204350324e-05,0.0005679202940992621,98219.34156699997,2021-05-19T21:17:33.000Z,100
1.27,1.0,1.0,12.0,2.45004607,1.70361186,1.70361186,2.45004607,0.00031891743413955064,0.000306071900484398,9.092602326321372e-05,0.0027157957615974297,98347.87718700003,2021-05-18T21:14:27.000Z,100
1.0,1.0,1.0,5.0,1.70361186,1.71280303,1.70361186,1.71280303,0.00020317091580398798,0.000154236811690432,6.257086189557387e-05,0.0015012972566904655,109961.43380499998,2021-05-17T21:10:13.000Z,100
1.0,1.0,1.0,2.01,1.71280303,1.61432535,1.61432535,1.71280303,7.135835108146614e-05,0.00010790365877398916,7.047815188116732e-05,0.00209937239705282,124689.01004899999,2021-05-16T21:09:23.000Z,100
1.0,1.03,1.0,127.56,1.61432535,1.46680607,1.46680607,1.61432535,7.381930749671314e-05,0.0002435611490716651,5.991748340082483e-05,0.007387816694611375,141168.25983300005,2021-05-15T21:13:41.000Z,100
1.0,1.0,1.0,5.0,1.46680607,1.05523206,1.05523206,1.46680607,0.00016871610866530127,0.00011703738117501061,4.753722419570684e-05,0.0018271929873686502,165384.75709300005,2021-05-14T21:16:30.000Z,100
1.0,1.01,1.0,5.0,1.05523206,1.08883551,1.05523206,1.08883551,0.00021648954251303948,0.0001787814117443213,4.408630182616069e-05,0.0006262298676096454,155115.12307400006,2021-05-13T21:12:13.000Z,100
1.01,1.01,1.0,120.0,1.08883551,1.07635541,1.07635541,1.08883551,0.00017174892099589814,0.00018039505122662643,3.376760086503747e-05,0.006856534073093608,142288.15500099998,2021-05-12T21:12:22.000Z,100
1.0,1.0,1.0,2.0,1.07635541,0.88065703,0.88065703,1.07635541,4.533376720186076e-05,0.00012148437523285274,3.8359184024260406e-05,0.0010594880327066266,175120.98454100004,2021-05-11T21:13:23.000Z,100
1.0,1.0,1.0,2.0,0.88065703,0.97032963,0.88065703,0.97032963,0.00016712418847553316,0.00014930523768587654,3.093040415174411e-05,0.0002703582798421245,138377.383942,2021-05-10T21:11:39.000Z,100
1.0,1.0,1.0,2.0,0.97032963,0.84900959,0.84900959,0.97032963,7.132109491327405e-05,0.00012001994107486569,4.4882133897317606e-05,0.0002346628601050931,140017.53873100004,2021-05-09T21:16:42.000Z,100
7.5,1.0,1.0,7.5,0.84900959,0.75098215,0.75098215,0.84900959,0.0002793520949543449,2.4460658430395055e-05,2.4460658430395055e-05,0.0002939619587420209,139913.444844,2021-05-08T21:14:02.000Z,100
1.05,1.52,1.0,1.52,0.75098215,0.75792057,0.75098215,0.75792057,0.00011242965234396448,0.0001692255049108434,1.935956884485e-05,0.00122839216670153,174502.08433600006,2021-05-07T21:10:08.000Z,100
1.52,1.0,1.0,2.6,0.75792057,0.81463777,0.75792057,0.81463777,0.00016881827239382646,0.00012062456870122877,3.924554624467522e-05,0.00042615808317546754,155629.07298600004,2021-05-06T21:16:18.000Z,100
1.0,1.0,1.0,5.0,0.81463777,0.70457093,0.70457093,0.81463777,9.144930870869996e-05,7.742006552208941e-05,4.71356264011008e-05,0.0007269102431864701,150132.550373,2021-05-05T21:12:21.000Z,100
1.0,1.01,1.0,2.5,0.70457093,0.79669378,0.70457093,0.79669378,6.382989883242001e-05,8.781241065702558e-05,4.0291210102400814e-05,0.007042485887995251,208146.24718399995,2021-05-04T21:17:20.000Z,100
1.0,1.0,1.0,1.52,0.79669378,0.81856511,0.79669378,0.81856511,0.00011238171311947898,6.109778445003239e-05,3.818132542719748e-05,0.00021189035365935617,110823.82145199997,2021-05-03T21:11:29.000Z,100
1.01,1.0,1.0,12.5,0.81856511,0.78753625,0.78753625,0.81856511,6.931536741398628e-05,9.250654079908726e-05,4.725535447681674e-05,0.00041282604351013444,115808.662412,2021-05-02T21:09:21.000Z,100
1.0,1.0,1.0,2.56,0.78753625,0.82616154,0.78753625,0.82616154,7.429464909250127e-05,6.95664240558883e-05,3.857437606415001e-05,0.00026925551409253735,132873.82502700007,2021-05-01T21:11:28.000Z,100
1.0,1.0,1.0,2.56,0.82616154,0.88311757,0.82616154,0.88311757,8.945677155120001e-05,9.967218142048002e-05,4.2405361995025255e-05,0.00044227538616077697,150981.15359,2021-04-30T21:14:36.000Z,100
1.0,1.0,1.0,2.56,0.88311757,0.7729178,0.7729178,0.88311757,0.00011252489791074601,5.206505696826e-05,4.280893557183705e-05,0.00033323656509573203,154500.337556,2021-04-29T21:16:36.000Z,100
1.0,1.0,1.0,10.0,0.7729178,0.8315061,0.7729178,0.8315061,0.00011482565206048407,0.00024392805182709006,3.628232271001833e-05,0.003018757950867,212371.749158,2021-04-28T21:11:54.000Z,100
1.0,1.0,1.0,16.1,0.8315061,0.53737645,0.53737645,0.8315061,0.00028331029640721084,3.281447897817057e-05,2.7343159157437567e-05,0.0005984880399666148,174096.18374,2021-04-27T21:12:32.000Z,100
1.0,1.0,1.0,5.0,0.53737645,0.38395592,0.38395592,0.53737645,7.969532127839653e-05,2.570169563120895e-05,1.953829123797922e-05,0.0008478942369755709,191349.875466,2021-04-26T21:14:05.000Z,100
1.0,1.0,1.0,2.56,0.38395592,0.35639556,0.35639556,0.38395592,6.3088680313816e-05,5.7708583448242875e-05,1.8925073530660902e-05,0.0004379139365582561,222389.84110599998,2021-04-25T21:12:19.000Z,100
1.0,1.0,1.0,6.0,0.35639556,0.38356939,0.35639556,0.38356939,4.803926312432969e-05,0.000166146341618315,1.777537267138e-05,0.0015258980388102711,249837.55250099997,2021-04-24T21:14:54.000Z,100
5.0,1.01,1.0,5.0,0.38356939,0.35465204,0.35465204,0.38356939,0.0005330118600379001,4.073304615310914e-05,1.462243228558e-05,0.00072503628590665,196892.027257,2021-04-23T21:10:43.000Z,100
1.0,1.0,1.0,5.0,0.35465204,0.35991363,0.35465204,0.35991363,0.0001947447549446,4.4033735889674084e-05,8.27119487688e-06,0.00080732476140142,247251.09282599992,2021-04-22T21:10:51.000Z,100
1.0,1.0,1.0,8.0,0.35991363,0.34098366,0.34098366,0.35991363,2.6627002369329987e-05,4.507838083566001e-05,7.55818623e-06,0.0010077869570904,241808.1256350001,2021-04-21T21:19:22.000Z,100
1.0,2.5,1.0,6.0,0.34098366,0.32667541,0.32667541,0.34098366,6.697678988355168e-05,6.691236275693907e-05,7.625417588580001e-06,0.0012479857038626466,229287.19587500003,2021-04-20T21:13:27.000Z,100
1.0,1.0,1.0,2.5,0.32667541,0.36443244,0.32667541,0.36443244,0.00010300957700907,7.545476487001226e-05,1.1109905149620002e-05,0.00077533011139236,281740.30906099995,2021-04-19T21:09:55.000Z,100
1.0,1.0,1.0,5.53,0.36443244,0.40621897,0.36443244,0.40621897,9.601191291264001e-05,3.842364304384501e-05,1.2111013817435402e-05,0.00047949094791571685,229656.213115,2021-04-18T21:12:19.000Z,100
1.0,1.0,1.0,149.0,0.40621897,0.42977221,0.40621897,0.42977221,0.00011314284950244751,0.00023267523631632,9.089149453750002e-06,0.01961740597789136,226825.004517,2021-04-17T21:07:57.000Z,100
1.01,1.0,1.0,19.64,0.42977221,0.44226171,0.42977221,0.44226171,0.0001210890163984802,0.00016795002160426112,9.02521641e-06,0.004078086221298634,261173.74229399997,2021-04-16T21:11:21.000Z,100
1.0,1.0,1.0,6.0,0.44226171,0.41246679,0.41246679,0.44226171,1.247841414765e-05,7.634259428601571e-05,1.247841414765e-05,0.0009022647484966499,244155.64881600012,2021-04-15T21:11:06.000Z,100
1.0,1.0,1.0,5.0,0.41246679,0.42200193,0.41246679,0.42200193,8.314443682801502e-05,0.00011591527913143501,8.585083767060002e-06,0.0006419426886165,241252.82581899996,2021-04-14T21:12:28.000Z,100
1.1,1.0,1.0,6.0,0.42200193,0.35852853,0.35852853,0.42200193,0.00011521252986745428,6.206598526674301e-05,1.1528459724705e-05,0.00099492905224713,252369.65026300013,2021-04-13T21:11:58.000Z,100
1.0,1.0,1.0,5.0,0.35852853,0.3676122,0.35852853,0.3676122,9.096137702497501e-05,0.00011424629894868001,1.46258189892e-05,0.0005520156217851,216524.207579,2021-04-12T21:15:20.000Z,100
1.0,1.0,1.0,6.0,0.3676122,0.35958265,0.35958265,0.3676122,6.733528158694627e-05,8.1539860670625e-05,1.34112282804e-05,0.0007805595128630401,220762.440837,2021-04-11T21:11:10.000Z,100
1.0,1.0,1.0,7.0,0.35958265,0.36628292,0.35958265,0.36628292,7.4573665992175e-05,8.831451146949201e-05,1.5220154174760002e-05,0.0004994647185745632,261186.57819099995,2021-04-10T21:13:13.000Z,100
5.0,1.0,1.0,7.0,0.36628292,0.35598553,0.35598553,0.36628292,0.0004815411664364001,7.1450496500254e-05,7.274745074120001e-06,0.0015523143406184002,254433.17472799998,2021-04-09T21:10:22.000Z,100
1.0,1.0,1.0,10.0,0.35598553,0.33974237,0.33974237,0.35598553,1.416324029658e-05,4.3414828106375005e-05,1.416324029658e-05,0.0004265917000202,216697.99268099997,2021-04-08T21:11:17.000Z,100
1.0,1.0,1.0,1.0,0.33974237,0.37581894,0.33974237,0.37581894,0.00014636254183666503,2.9453161606775675e-05,2.612165836605808e-05,0.00035606495242428,259555.35263500008,2021-04-07T21:13:08.000Z,100
1.0,1.0,1.0,2.5,0.37581894,0.36934305,0.36934305,0.37581894,5.1238235627783066e-05,0.00011739879092412002,1.2160989264300001e-05,0.00041018194477890005,270785.0764079999,2021-04-06T21:12:03.000Z,100
1.0,1.0,1.0,103.0,0.36934305,0.36173825,0.36173825,0.36934305,0.0001057570425866625,0.00010171016079545,1.8040248265750003e-05,0.00380921696077365,221505.870337,2021-04-05T21:11:04.000Z,100
1.0,1.0,1.0,2.56,0.36173825,0.3519968,0.3519968,0.36173825,4.285056856025543e-05,4.21202010856e-05,1.31969348365e-05,0.000258521304698,206745.76189000002,2021-04-04T21:16:08.000Z,100
1.0,1.0,1.0,1.01,0.3519968,0.38251098,0.3519968,0.38251098,3.749094449173344e-05,0.00011951326063512,1.11255628576e-05,0.00038720744981244004,250202.37410300004,2021-04-03T21:16:42.000Z,100
1.0,1.0,1.0,2.56,0.38251098,0.36412617,0.36412617,0.38251098,0.000165356340938415,0.0001398559857742197,8.10387762228e-06,0.0005011408697779081,255604.614164,2021-04-02T21:09:36.000Z,100
1.0,1.0,1.0,1.01,0.36412617,0.35942531,0.35942531,0.36412617,5.7964079798556004e-05,6.939770407030875e-05,7.646649570000001e-06,0.0008751544917093751,263804.353103,2021-04-01T21:13:29.000Z,100
1.0,1.0,1.0,10.0,0.35942531,0.37007963,0.35942531,0.37007963,6.156160331801625e-05,9.96920507294e-06,7.61478461766e-06,0.000483444716755306,255145.85364100002,2021-03-31T21:15:49.000Z,100
1.0,1.0,1.0,10.0,0.37007963,0.38229318,0.37007963,0.38229318,3.1585617953514324e-05,4.029484805154e-05,1.4723988159180002e-05,0.0017335963521414002,261182.57303499998,2021-03-30T21:16:03.000Z,100
1.0,1.0,1.0,119.0,0.38229318,0.3442436,0.3442436,0.38229318,4.328935053048e-05,5.127867010230812e-05,9.9596558352e-06,0.0016298330284824,207466.459621,2021-03-29T21:15:57.000Z,100
1.0,1.0,1.0,165.74,0.3442436,0.33293341,0.33293341,0.3442436,0.00010704027541224002,2.8426104245857503e-05,1.36960758696e-05,0.002234214170843976,211951.861536,2021-03-28T21:15:26.000Z,100
1.0,1.0,1.0,86.0,0.33293341,0.33664652,0.33293341,0.33664652,0.00012834477954961154,0.00011756571759352001,1.324608865026e-05,0.00202221156353402,245772.35963700002,2021-03-27T21:14:54.000Z,100
1.0,1.0,1.0,5.0,0.33664652,0.30040621,0.30040621,0.33664652,0.00010733477736583,2.4351678398125003e-05,1.4417728835300002e-05,0.0008069417084400001,294584.487482,2021-03-26T21:15:05.000Z,100
1.0,1.0,1.0,5.0,0.30040621,0.32522671,0.30040621,0.32522671,7.629173186339902e-05,4.6377026840477086e-05,5.96636773681e-06,0.0008303485993740601,286602.44176,2021-03-25T21:17:30.000Z,100
1.0,1.0,1.0,10.0,0.32522671,0.33150245,0.32522671,0.33150245,0.00011327776399984,5.672459973953342e-05,6.829760909999999e-06,0.0007311161486142,232945.59915500006,2021-03-24T21:11:02.000Z,100
1.0,1.0,1.0,2.5,0.33150245,0.34764821,0.33150245,0.34764821,4.14939130396625e-05,5.359545669542775e-05,6.96155145e-06,0.00026631069361329995,210865.961391,2021-03-23T21:11:01.000Z,100
1.0,1.0,1.0,112.0,0.34764821,0.38093862,0.34764821,0.38093862,0.000112014617269828,5.67658692103405e-05,7.300612410000001e-06,0.00154913154850272,253416.45562599995,2021-03-22T21:14:29.000Z,100
1.0,1.0,1.0,5.22,0.38093862,0.38501007,0.38093862,0.38501007,0.0001282596048702975,6.038060427836854e-05,7.99971102e-06,0.000690214152552912,212896.715694,2021-03-21T21:17:42.000Z,100
1.0,1.0,1.0,3860.21,0.38501007,0.40718183,0.38501007,0.40718183,8.57662869809625e-05,5.813364601244496e-05,1.7622295913970002e-05,0.06361614899395841,206425.88419100002,2021-03-20T21:14:38.000Z,100
1.0,1.0,1.0,5.0,0.40718183,0.39322012,0.39322012,0.40718183,5.911150242021751e-05,0.00038946054243268005,8.550818430000001e-06,0.00049355812596156,233521.38642700005,2021-03-19T21:12:52.000Z,100
1.0,1.0,1.0,5.0,0.39322012,0.40666339,0.39322012,0.40666339,4.4158078798335004e-05,4.125203594744751e-05,9.7774182838e-06,0.0006685719847496141,211869.907688,2021-03-18T21:11:44.000Z,100
1.0,1.0,1.0,5.0,0.40666339,0.37380153,0.37380153,0.40666339,0.00012740804675039001,9.35288808213e-05,1.0600087923740002e-05,0.00039884853963437005,227245.58813599998,2021-03-17T21:12:47.000Z,100
1.0,1.0,1.0,128.0,0.37380153,0.39334843,0.37380153,0.39334843,4.906286295992004e-05,4.0627464610666e-05,8.26031703e-06,0.00190362466209024,204458.37515699997,2021-03-16T21:12:54.000Z,100
1.0,1.0,1.0,10.0,0.39334843,0.3854973,0.3854973,0.39334843,4.847665386163e-05,0.0001728485083794,1.611876306757172e-05,0.0008395874732688751,242130.56668,2021-03-15T21:12:21.000Z,100
1.0,1.0,1.0,10.0,0.3854973,0.42297445,0.3854973,0.42297445,9.41129496510375e-05,4.696327615795e-05,1.5261452609700002e-05,0.000733300674006,277035.042449,2021-03-14T21:14:19.000Z,100
1.0,1.0,1.0,123.0,0.42297445,0.41238206,0.41238206,0.42297445,0.00015289807310935,0.0001417377759323,9.770709795000004e-06,0.0029235930537832504,245012.34695299997,2021-03-13T21:10:28.000Z,100
1.0,1.0,1.0,110.0,0.41238206,0.40904608,0.40904608,0.41238206,0.00010693673607134546,7.782428908864001e-05,8.66002326e-06,0.0019985601679427998,213909.38215699996,2021-03-12T21:10:20.000Z,100
1.01,1.0,1.0,158.0,0.40904608,0.28843711,0.28843711,0.40904608,5.3924845293459585e-05,1.935557226655e-05,1.627430733888e-05,0.01048209376844032,235980.49175300007,2021-03-11T21:12:48.000Z,100
1.0,1.0,1.0,5.0,0.28843711,0.29871328,0.28843711,0.29871328,5.34103716571868e-05,3.511380580665601e-05,6.900276768000002e-06,0.00129825081711624,280901.4405429999,2021-03-10T21:15:19.000Z,100
1.0,1.0,1.0,177.0,0.29871328,0.21748949,0.21748949,0.29871328,5.53455965184e-05,4.475476976271e-05,4.994319903615001e-06,0.0048068983356075005,221332.587258,2021-03-09T21:08:51.000Z,100
1.0,1.0,1.0,153.0,0.21748949,0.21318009,0.21318009,0.21748949,4.1573333502990005e-05,2.96081030448975e-05,4.56727929e-06,0.0044142950078391,255703.091866,2021-03-08T21:16:16.000Z,100
1.0,1.0,1.0,121.0,0.21318009,0.21327964,0.21318009,0.21327964,2.727980339694e-05,7.1221877830824e-05,4.23396976749e-06,0.00354688692653856,269159.1271610001,2021-03-07T21:12:01.000Z,100
1.04,1.0,1.0,5.0,0.21327964,0.21516599,0.21327964,0.21516599,7.131084956544641e-05,4.077499506677947e-05,4.945050545926401e-06,0.00035641821807284006,246609.69115499995,2021-03-06T21:11:09.000Z,100
1.0,1.0,1.0,2.5,0.21516599,0.20061,0.20061,0.21516599,5.369854579232e-05,0.00048956102082,7.98146946e-06,0.00048956102082,287784.578353,2021-03-05T21:18:19.000Z,100
1.04,1.04,1.0,3014.23,0.20061,0.22460814,0.20061,0.22460814,7.592595267575449e-05,6.681375215817121e-05,4.499481690000001e-06,0.026580505534446006,429446.7151769999,2021-03-04T21:13:24.000Z,100
92.0,1.0,1.0,297.79,0.22460814,0.22932156,0.22460814,0.22932156,0.00082213587013968,0.00010776622729860001,8.93625945804e-06,0.008699917342149982,277996.25179999997,2021-03-03T21:14:15.000Z,100
1.0,1.0,1.0,101.0,0.22932156,0.24772363,0.22932156,0.24772363,3.2911427665740004e-05,1.206810435908e-05,9.123787586160001e-06,0.0006360875566968001,248948.649727,2021-03-02T21:16:37.000Z,100
1.0,1.0,1.0,84.0,0.24772363,0.22449181,0.22449181,0.24772363,4.6682031731720006e-05,4.2395682403758e-05,5.20219623e-06,0.00209319654950175,238615.06003199998,2021-03-01T21:12:02.000Z,100
1.0,1.0,1.0,118.0,0.22449181,0.19950906,0.19950906,0.22449181,8.2160298345135e-05,2.413650632427e-05,9.250437075959999e-06,0.0045905903692461,224657.98394099995,2021-02-28T21:09:57.000Z,100
1.0,1.0,1.0,87.0,0.19950906,0.19044746,0.19044746,0.19950906,1.8237123174599997e-05,1.818802543341721e-05,4.18969026e-06,0.00239928059336238,301048.368669,2021-02-27T21:11:05.000Z,100
20.04,1.0,1.0,1001.0,0.19044746,0.17484923,0.17484923,0.19044746,0.0008644486312205016,4.8624434343005004e-05,3.99939666e-06,0.05643034571141969,213359.83693200003,2021-02-26T21:13:31.000Z,100
1.0,1.0,1.0,145.07,0.17484923,0.15994951,0.15994951,0.17484923,2.7666148873978e-05,5.9124696573459997e-05,5.1667947465e-06,0.008339781104068534,317811.48977600003,2021-02-25T21:16:57.000Z,100
1.0,1.0,1.0,20.0,0.15994951,0.13754088,0.13754088,0.15994951,6.31916927768525e-05,4.13949909492e-05,3.35893971e-06,0.0004430057598666,228047.978159,2021-02-24T21:09:38.000Z,100
5.0,1.04,1.0,138.0,0.13754088,0.15174007,0.13754088,0.15174007,0.0001240639368732,1.4392215852487547e-05,2.88835848e-06,0.00465042797857296,254796.11832200005,2021-02-23T21:17:36.000Z,100
1.0,1.0,1.0,30.0,0.15174007,0.16154265,0.15174007,0.16154265,6.147536499952e-05,1.3752287337150002e-05,4.48573994934e-06,0.00025071951070072004,234715.04302899996,2021-02-22T21:09:28.000Z,100
1.0,1.0,1.0,5.0,0.16154265,0.14594515,0.14594515,0.16154265,4.581462633855001e-05,2.23888616809e-05,3.84875363625e-06,0.00019446116504640002,203435.340527,2021-02-21T21:14:32.000Z,100
1.0,1.04,1.0,115.0,0.14594515,0.15705579,0.14594515,0.15705579,5.33184335398e-05,3.4145377841977804e-05,3.47714319875e-06,0.0030225751373025,244319.52852900003,2021-02-20T21:14:54.000Z,100
1.0,1.0,1.0,2.5,0.15705579,0.15705579,0.15705579,0.15705579,2.485172293065e-05,2.0570606465151598e-05,9.161456870175e-06,0.00015403262309829002,233733.17295217392,2021-02-20T17:39:50.000Z,23
